"bloc","periode","type_brique","numero_cible","etat_relationnel","statut_utilisateur","ton","modele_texte","jours_refroidissement","poids","actif","tags","langue","version"
"3","toutes","acte","1","indifferent","indifferent","direct_doux","Prends l’initiative sur un point précis : propose à {partner} un petit pas concret, puis fais-le.","21","1.0","True","{""initiative"",""élan"",""décision""}","fr","1"
"3","toutes","acte","1","indifferent","indifferent","direct_doux","Clarifie une décision et annonce-la avec douceur : « voilà ce que je propose ».","21","1.0","True","{""initiative"",""élan"",""décision""}","fr","1"
"3","toutes","acte","1","indifferent","indifferent","direct_doux","Commence ce que tu repousses : 15 minutes d’action valent mieux qu’une heure d’hésitation.","21","1.0","True","{""initiative"",""élan"",""décision""}","fr","1"
"3","toutes","acte","1","indifferent","indifferent","direct_doux","Envoie à {partner} un message de direction : « j’ai envie qu’on avance ensemble ».","21","1.0","True","{""initiative"",""élan"",""décision""}","fr","1"
"3","toutes","acte","1","indifferent","indifferent","direct_doux","Fixe une priorité et tiens-la : une seule victoire solide suffit.","21","1.0","True","{""initiative"",""élan"",""décision""}","fr","1"
"3","toutes","acte","1","indifferent","indifferent","direct_doux","Ose dire ton intention, puis demande l’avis de {partner} : leadership + écoute.","21","1.0","True","{""initiative"",""élan"",""décision""}","fr","1"
"3","toutes","acte","1","indifferent","indifferent","direct_doux","Relance un projet ou une discussion avec un ton neuf : simple, clair, respectueux.","21","1.0","True","{""initiative"",""élan"",""décision""}","fr","1"
"3","toutes","acte","1","indifferent","indifferent","direct_doux","Pose une limite saine sur un sujet important, sans colère : cadre clair, cœur doux.","21","1.0","True","{""initiative"",""élan"",""décision""}","fr","1"
"3","toutes","acte","1","indifferent","indifferent","direct_doux","Fais un premier pas vers une solution : appel, rendez-vous, démarche, message.","21","1.0","True","{""initiative"",""élan"",""décision""}","fr","1"
"3","toutes","acte","1","indifferent","indifferent","direct_doux","Découpe un objectif en 3 étapes et commence la première immédiatement.","21","1.0","True","{""initiative"",""élan"",""décision""}","fr","1"
"3","toutes","acte","1","indifferent","indifferent","direct_doux","Choisis une direction commune et propose un calendrier léger (date, heure, action).","21","1.0","True","{""initiative"",""élan"",""décision""}","fr","1"
"3","toutes","acte","1","indifferent","indifferent","direct_doux","Fais un geste d’ouverture : propose au lieu de critiquer, même si tu es pressé(e).","21","1.0","True","{""initiative"",""élan"",""décision""}","fr","1"
"3","toutes","acte","1","indifferent","indifferent","direct_doux","Prends les devants sur l’organisation du couple : qui fait quoi, en toute simplicité.","21","1.0","True","{""initiative"",""élan"",""décision""}","fr","1"
"3","toutes","acte","1","indifferent","indifferent","direct_doux","Affirme-toi avec respect : une phrase courte, puis tu laisses {partner} répondre.","21","1.0","True","{""initiative"",""élan"",""décision""}","fr","1"
"3","toutes","rituel","1","indifferent","indifferent","direct_doux","60 secondes de respiration (4-6). Puis dis : « Je choisis le courage calme. »","21","1.0","True","{""initiative"",""élan"",""décision""}","fr","1"
"3","toutes","rituel","1","indifferent","indifferent","direct_doux","Bois un verre d’eau lentement et pose une intention : « Je démarre avec clarté. »","21","1.0","True","{""initiative"",""élan"",""décision""}","fr","1"
"3","toutes","rituel","1","indifferent","indifferent","direct_doux","Mains sur le cœur 30 secondes : « Je prends la bonne décision, sans dureté. »","21","1.0","True","{""initiative"",""élan"",""décision""}","fr","1"
"3","toutes","rituel","1","indifferent","indifferent","direct_doux","Écris une phrase d’intention sur un papier : « Aujourd’hui, je passe à l’action juste. »","21","1.0","True","{""initiative"",""élan"",""décision""}","fr","1"
"3","toutes","rituel","1","indifferent","indifferent","direct_doux","Ferme les yeux, inspire 4, expire 6, trois fois : « Je marche en confiance. »","21","1.0","True","{""initiative"",""élan"",""décision""}","fr","1"
"3","toutes","rituel","1","indifferent","indifferent","direct_doux","Une courte prière/affirmation : « Que mon action protège notre paix. »","21","1.0","True","{""initiative"",""élan"",""décision""}","fr","1"
"3","toutes","rituel","1","indifferent","indifferent","direct_doux","Allège ton esprit : note 3 priorités, puis dis : « Je commence par la première. »","21","1.0","True","{""initiative"",""élan"",""décision""}","fr","1"
"3","toutes","rituel","1","indifferent","indifferent","direct_doux","Avant de parler, respire 10 secondes : « Je parle avec respect et fermeté. »","21","1.0","True","{""initiative"",""élan"",""décision""}","fr","1"
"3","toutes","rituel","1","indifferent","indifferent","direct_doux","Dis à voix basse : « Je choisis l’élan sans précipitation. »","21","1.0","True","{""initiative"",""élan"",""décision""}","fr","1"
"3","toutes","rituel","1","indifferent","indifferent","direct_doux","Visualise un premier pas réussi, puis dis : « Je le fais maintenant. »","21","1.0","True","{""initiative"",""élan"",""décision""}","fr","1"
"3","toutes","rituel","1","indifferent","indifferent","direct_doux","Une minute en silence : « Je suis aligné(e), je décide, je respecte. »","21","1.0","True","{""initiative"",""élan"",""décision""}","fr","1"
"3","toutes","rituel","1","indifferent","indifferent","direct_doux","Pose la main sur ton ventre : « Je garde mon calme quand j’agis. »","21","1.0","True","{""initiative"",""élan"",""décision""}","fr","1"
"3","toutes","rituel","1","indifferent","indifferent","direct_doux","Répète 3 fois : « Je commence petit, je vais loin. »","21","1.0","True","{""initiative"",""élan"",""décision""}","fr","1"
"3","toutes","rituel","1","indifferent","indifferent","direct_doux","Éteins les écrans 2 minutes : « Je reprends mon cap intérieur. »","21","1.0","True","{""initiative"",""élan"",""décision""}","fr","1"
"3","toutes","couple","1","indifferent","indifferent","direct_doux","Privilégie la clarté : exprime ce que tu veux construire, puis écoute la réponse sans te fermer.","21","1.0","True","{""initiative"",""élan"",""décision""}","fr","1"
"3","toutes","couple","1","indifferent","indifferent","direct_doux","Choisis une seule décision importante et discute-la calmement avec {partner}.","21","1.0","True","{""initiative"",""élan"",""décision""}","fr","1"
"3","toutes","couple","1","indifferent","indifferent","direct_doux","Si un sujet chauffe, baisse le ton : l’intention compte autant que les mots.","21","1.0","True","{""initiative"",""élan"",""décision""}","fr","1"
"3","toutes","couple","1","indifferent","indifferent","direct_doux","Propose au lieu d’imposer : « voilà une option », puis demande l’avis de {partner}.","21","1.0","True","{""initiative"",""élan"",""décision""}","fr","1"
"3","toutes","couple","1","indifferent","indifferent","direct_doux","Évite les ultimatums : un cadre clair, oui; une menace, non.","21","1.0","True","{""initiative"",""élan"",""décision""}","fr","1"
"3","toutes","couple","1","indifferent","indifferent","direct_doux","Si {partner} résiste, ralentis : l’accord vient mieux avec la patience qu’avec la force.","21","1.0","True","{""initiative"",""élan"",""décision""}","fr","1"
"3","toutes","couple","1","indifferent","indifferent","direct_doux","Remplace la critique par une demande précise : cela change immédiatement l’ambiance.","21","1.0","True","{""initiative"",""élan"",""décision""}","fr","1"
"3","toutes","couple","1","indifferent","indifferent","direct_doux","Garde l’équilibre : initiative + respect = confiance.","21","1.0","True","{""initiative"",""élan"",""décision""}","fr","1"
"3","toutes","couple","1","indifferent","indifferent","direct_doux","Un geste d’ouverture (écouter, reconnaître, remercier) rend tes décisions mieux reçues.","21","1.0","True","{""initiative"",""élan"",""décision""}","fr","1"
"3","toutes","couple","1","indifferent","indifferent","direct_doux","Ne multiplie pas les chantiers : une amélioration concrète vaut mieux que dix intentions.","21","1.0","True","{""initiative"",""élan"",""décision""}","fr","1"
"3","toutes","travail","1","indifferent","indifferent","direct_doux","Choisis une tâche prioritaire et démarre-la sans attendre la motivation parfaite.","21","1.0","True","{""initiative"",""élan"",""décision""}","fr","1"
"3","toutes","travail","1","indifferent","indifferent","direct_doux","Décide d’un objectif du jour et avance dessus 30 minutes sans interruption.","21","1.0","True","{""initiative"",""élan"",""décision""}","fr","1"
"3","toutes","travail","1","indifferent","indifferent","direct_doux","Évite la dispersion : un seul chantier en cours, puis un deuxième.","21","1.0","True","{""initiative"",""élan"",""décision""}","fr","1"
"3","toutes","travail","1","indifferent","indifferent","direct_doux","Prends la parole avec clarté : une demande nette évite les retours inutiles.","21","1.0","True","{""initiative"",""élan"",""décision""}","fr","1"
"3","toutes","travail","1","indifferent","indifferent","direct_doux","Si tu négocies, reste ferme et respectueux(se) : la clarté protège tes intérêts.","21","1.0","True","{""initiative"",""élan"",""décision""}","fr","1"
"3","toutes","travail","1","indifferent","indifferent","direct_doux","Commence par le plus important : le reste deviendra plus léger.","21","1.0","True","{""initiative"",""élan"",""décision""}","fr","1"
"3","toutes","travail","1","indifferent","indifferent","direct_doux","Fixe une limite de temps et termine : la décision se renforce par l’action.","21","1.0","True","{""initiative"",""élan"",""décision""}","fr","1"
"3","toutes","travail","1","indifferent","indifferent","direct_doux","Priorise le concret : envoie, appelle, confirme, finalise.","21","1.0","True","{""initiative"",""élan"",""décision""}","fr","1"
"3","toutes","travail","1","indifferent","indifferent","direct_doux","Choisis l’efficacité simple : moins de justification, plus de résultat.","21","1.0","True","{""initiative"",""élan"",""décision""}","fr","1"
"3","toutes","argent","1","indifferent","indifferent","direct_doux","Évite les décisions financières impulsives : une nuit de recul vaut de l’or.","21","1.0","True","{""initiative"",""élan"",""décision""}","fr","1"
"3","toutes","argent","1","indifferent","indifferent","direct_doux","Si un achat te tente, écris-le et attends 24h avant de valider.","21","1.0","True","{""initiative"",""élan"",""décision""}","fr","1"
"3","toutes","argent","1","indifferent","indifferent","direct_doux","Privilégie une dépense utile plutôt qu’une dépense d’humeur.","21","1.0","True","{""initiative"",""élan"",""décision""}","fr","1"
"3","toutes","argent","1","indifferent","indifferent","direct_doux","Clarifie un budget ou une facture en attente : mettre au clair apaise.","21","1.0","True","{""initiative"",""élan"",""décision""}","fr","1"
"3","toutes","argent","1","indifferent","indifferent","direct_doux","Ne prends pas de risque sur un coup d’élan : vérifie les chiffres d’abord.","21","1.0","True","{""initiative"",""élan"",""décision""}","fr","1"
"3","toutes","argent","1","indifferent","indifferent","direct_doux","Fixe une petite règle : « aujourd’hui, je dépense seulement l’essentiel ».","21","1.0","True","{""initiative"",""élan"",""décision""}","fr","1"
"3","toutes","argent","1","indifferent","indifferent","direct_doux","Si tu prêtes ou donnes, fais-le par choix, pas par pression.","21","1.0","True","{""initiative"",""élan"",""décision""}","fr","1"
"3","toutes","argent","1","indifferent","indifferent","direct_doux","Regarde tes priorités : ce qui finance la stabilité passe avant le prestige.","21","1.0","True","{""initiative"",""élan"",""décision""}","fr","1"
"3","toutes","argent","1","indifferent","indifferent","direct_doux","Une décision simple : ranger, compter, planifier — ça protège tes gains.","21","1.0","True","{""initiative"",""élan"",""décision""}","fr","1"
"3","toutes","sante","1","indifferent","indifferent","direct_doux","Mets ton corps en mouvement 10–15 minutes : l’énergie se transforme en clarté.","21","1.0","True","{""initiative"",""élan"",""décision""}","fr","1"
"3","toutes","sante","1","indifferent","indifferent","direct_doux","Bois de l’eau et respire lentement : calme + élan = stabilité.","21","1.0","True","{""initiative"",""élan"",""décision""}","fr","1"
"3","toutes","sante","1","indifferent","indifferent","direct_doux","Évite la surcharge : fais une chose bien, puis repose ton mental.","21","1.0","True","{""initiative"",""élan"",""décision""}","fr","1"
"3","toutes","sante","1","indifferent","indifferent","direct_doux","Dors à heure raisonnable : ton courage a besoin d’un corps reposé.","21","1.0","True","{""initiative"",""élan"",""décision""}","fr","1"
"3","toutes","sante","1","indifferent","indifferent","direct_doux","Si la tension monte, expire plus longuement : ton système se calme.","21","1.0","True","{""initiative"",""élan"",""décision""}","fr","1"
"3","toutes","sante","1","indifferent","indifferent","direct_doux","Un repas simple et léger aide ton focus.","21","1.0","True","{""initiative"",""élan"",""décision""}","fr","1"
"3","toutes","sante","1","indifferent","indifferent","direct_doux","Réduis les écrans 30 minutes : ton esprit reprend de la puissance.","21","1.0","True","{""initiative"",""élan"",""décision""}","fr","1"
"3","toutes","sante","1","indifferent","indifferent","direct_doux","Marche quelques pas avant une décision : tu penseras mieux.","21","1.0","True","{""initiative"",""élan"",""décision""}","fr","1"
"3","toutes","sante","1","indifferent","indifferent","direct_doux","Choisis une habitude saine à démarrer : petite, mais régulière.","21","1.0","True","{""initiative"",""élan"",""décision""}","fr","1"
"3","toutes","feu","1","indifferent","indifferent","direct_doux","Décision de couple : vert — une initiative simple est favorable si elle inclut {partner}.","21","1.0","True","{""initiative"",""élan"",""décision""}","fr","1"
"3","toutes","feu","1","indifferent","indifferent","direct_doux","Décision de couple : vert — bon moment pour démarrer, avec un ton respectueux.","21","1.0","True","{""initiative"",""élan"",""décision""}","fr","1"
"3","toutes","feu","1","indifferent","indifferent","direct_doux","Décision de couple : orange — discute d’abord, puis agis; évite l’impulsivité.","21","1.0","True","{""initiative"",""élan"",""décision""}","fr","1"
"3","toutes","feu","1","indifferent","indifferent","direct_doux","Décision de couple : orange — une seule décision à la fois, sans pression.","21","1.0","True","{""initiative"",""élan"",""décision""}","fr","1"
"3","toutes","feu","1","indifferent","indifferent","direct_doux","Décision de couple : orange — clarifie l’intention avant de trancher.","21","1.0","True","{""initiative"",""élan"",""décision""}","fr","1"
"3","toutes","feu","1","indifferent","indifferent","direct_doux","Décision de couple : rouge — évite l’ultimatum ou les mots blessants.","21","1.0","True","{""initiative"",""élan"",""décision""}","fr","1"
"3","toutes","feu","1","indifferent","indifferent","direct_doux","Décision de couple : rouge — ne prends pas une décision irréversible sous tension.","21","1.0","True","{""initiative"",""élan"",""décision""}","fr","1"
"3","toutes","acte","2","indifferent","indifferent","direct_doux","Envoie à {partner} un message simple de paix : « je veux qu’on soit bien ».","21","1.0","True","{""écoute"",""équilibre"",""douceur""}","fr","1"
"3","toutes","acte","2","indifferent","indifferent","direct_doux","Fais un geste d’écoute : demande à {partner} « comment tu te sens ? » et écoute jusqu’au bout.","21","1.0","True","{""écoute"",""équilibre"",""douceur""}","fr","1"
"3","toutes","acte","2","indifferent","indifferent","direct_doux","Propose un petit compromis juste sur un détail du quotidien.","21","1.0","True","{""écoute"",""équilibre"",""douceur""}","fr","1"
"3","toutes","acte","2","indifferent","indifferent","direct_doux","Choisis un sujet et clarifie-le en douceur, sans reproche.","21","1.0","True","{""écoute"",""équilibre"",""douceur""}","fr","1"
"3","toutes","acte","2","indifferent","indifferent","direct_doux","Fais une attention silencieuse : aide, service, présence, sans attendre un retour.","21","1.0","True","{""écoute"",""équilibre"",""douceur""}","fr","1"
"3","toutes","acte","2","indifferent","indifferent","direct_doux","Prends le temps de reformuler ce que {partner} dit : cela évite un malentendu.","21","1.0","True","{""écoute"",""équilibre"",""douceur""}","fr","1"
"3","toutes","acte","2","indifferent","indifferent","direct_doux","Dépose une émotion en “je” : « je me sens… » plutôt que « tu fais… »","21","1.0","True","{""écoute"",""équilibre"",""douceur""}","fr","1"
"3","toutes","acte","2","indifferent","indifferent","direct_doux","Rassure le lien par un signe : un appel, un sourire, une disponibilité.","21","1.0","True","{""écoute"",""équilibre"",""douceur""}","fr","1"
"3","toutes","acte","2","indifferent","indifferent","direct_doux","Pose une limite douce : dire non calmement protège autant que dire oui.","21","1.0","True","{""écoute"",""équilibre"",""douceur""}","fr","1"
"3","toutes","acte","2","indifferent","indifferent","direct_doux","Organise un moment calme à deux, même court : marcher, parler, respirer.","21","1.0","True","{""écoute"",""équilibre"",""douceur""}","fr","1"
"3","toutes","acte","2","indifferent","indifferent","direct_doux","Choisis la coopération : une décision à deux, même petite, stabilise beaucoup.","21","1.0","True","{""écoute"",""équilibre"",""douceur""}","fr","1"
"3","toutes","acte","2","indifferent","indifferent","direct_doux","Éteins le bruit autour : crée 5 minutes de silence partagé avec {partner}.","21","1.0","True","{""écoute"",""équilibre"",""douceur""}","fr","1"
"3","toutes","acte","2","indifferent","indifferent","direct_doux","Demande ce dont tu as besoin avec respect : c’est une forme d’amour.","21","1.0","True","{""écoute"",""équilibre"",""douceur""}","fr","1"
"3","toutes","acte","2","indifferent","indifferent","direct_doux","Fais la paix avec un détail : ranger, clarifier, s’excuser si nécessaire.","21","1.0","True","{""écoute"",""équilibre"",""douceur""}","fr","1"
"3","toutes","rituel","2","indifferent","indifferent","direct_doux","60 secondes de respiration (4-6). Puis dis : « Je choisis la douceur. »","21","1.0","True","{""écoute"",""équilibre"",""douceur""}","fr","1"
"3","toutes","rituel","2","indifferent","indifferent","direct_doux","Mains sur le cœur : « Je parle avec calme, j’écoute avec respect. »","21","1.0","True","{""écoute"",""équilibre"",""douceur""}","fr","1"
"3","toutes","rituel","2","indifferent","indifferent","direct_doux","Bois un verre d’eau et remercie pour une chose simple : « Merci pour la paix qui grandit. »","21","1.0","True","{""écoute"",""équilibre"",""douceur""}","fr","1"
"3","toutes","rituel","2","indifferent","indifferent","direct_doux","Ferme les yeux : « Je choisis l’équilibre, pas la réaction. »","21","1.0","True","{""écoute"",""équilibre"",""douceur""}","fr","1"
"3","toutes","rituel","2","indifferent","indifferent","direct_doux","Une courte prière/affirmation : « Que nos mots soient justes et doux. »","21","1.0","True","{""écoute"",""équilibre"",""douceur""}","fr","1"
"3","toutes","rituel","2","indifferent","indifferent","direct_doux","Écris 1 phrase : « Je veux comprendre, pas gagner. »","21","1.0","True","{""écoute"",""équilibre"",""douceur""}","fr","1"
"3","toutes","rituel","2","indifferent","indifferent","direct_doux","Inspire 4, expire 6, cinq fois : « Je me recentre. »","21","1.0","True","{""écoute"",""équilibre"",""douceur""}","fr","1"
"3","toutes","rituel","2","indifferent","indifferent","direct_doux","Allume une lumière/lampe et dis : « J’apporte la clarté, pas le conflit. »","21","1.0","True","{""écoute"",""équilibre"",""douceur""}","fr","1"
"3","toutes","rituel","2","indifferent","indifferent","direct_doux","Dis à voix basse : « Je choisis la paix avant d’avoir raison. »","21","1.0","True","{""écoute"",""équilibre"",""douceur""}","fr","1"
"3","toutes","rituel","2","indifferent","indifferent","direct_doux","Note 3 choses que tu apprécies chez {partner}, puis garde-les en tête.","21","1.0","True","{""écoute"",""équilibre"",""douceur""}","fr","1"
"3","toutes","rituel","2","indifferent","indifferent","direct_doux","Une minute de silence : « Je protège notre lien par ma douceur. »","21","1.0","True","{""écoute"",""équilibre"",""douceur""}","fr","1"
"3","toutes","rituel","2","indifferent","indifferent","direct_doux","Avant une discussion : « Je parle en vérité, avec bienveillance. »","21","1.0","True","{""écoute"",""équilibre"",""douceur""}","fr","1"
"3","toutes","rituel","2","indifferent","indifferent","direct_doux","Pose la main sur ton ventre : « Je reste calme, je reste présent(e). »","21","1.0","True","{""écoute"",""équilibre"",""douceur""}","fr","1"
"3","toutes","rituel","2","indifferent","indifferent","direct_doux","Répète 3 fois : « J’écoute, je comprends, je réponds. »","21","1.0","True","{""écoute"",""équilibre"",""douceur""}","fr","1"
"3","toutes","couple","2","indifferent","indifferent","direct_doux","Privilégie l’écoute : comprendre d’abord, répondre ensuite; c’est la clé du lien.","21","1.0","True","{""écoute"",""équilibre"",""douceur""}","fr","1"
"3","toutes","couple","2","indifferent","indifferent","direct_doux","Évite les interprétations : demande ce que {partner} veut dire, plutôt que deviner.","21","1.0","True","{""écoute"",""équilibre"",""douceur""}","fr","1"
"3","toutes","couple","2","indifferent","indifferent","direct_doux","Si une émotion monte, fais une pause respiratoire avant de parler.","21","1.0","True","{""écoute"",""équilibre"",""douceur""}","fr","1"
"3","toutes","couple","2","indifferent","indifferent","direct_doux","Reste doux(ce) mais clair( e ) : dire ton besoin protège la relation.","21","1.0","True","{""écoute"",""équilibre"",""douceur""}","fr","1"
"3","toutes","couple","2","indifferent","indifferent","direct_doux","Un geste de réassurance vaut plus qu’un long débat.","21","1.0","True","{""écoute"",""équilibre"",""douceur""}","fr","1"
"3","toutes","couple","2","indifferent","indifferent","direct_doux","Choisis un seul sujet et conclue simplement; la répétition fatigue.","21","1.0","True","{""écoute"",""équilibre"",""douceur""}","fr","1"
"3","toutes","couple","2","indifferent","indifferent","direct_doux","Ne t’efface pas : l’équilibre, c’est aussi exprimer ton point de vue.","21","1.0","True","{""écoute"",""équilibre"",""douceur""}","fr","1"
"3","toutes","couple","2","indifferent","indifferent","direct_doux","Évite le silence punitif : un signe de présence maintient la confiance.","21","1.0","True","{""écoute"",""équilibre"",""douceur""}","fr","1"
"3","toutes","couple","2","indifferent","indifferent","direct_doux","La paix se construit dans les détails : ton ton et ton regard comptent.","21","1.0","True","{""écoute"",""équilibre"",""douceur""}","fr","1"
"3","toutes","couple","2","indifferent","indifferent","direct_doux","Si vous n’êtes pas d’accord, cherche un compromis juste plutôt qu’une victoire.","21","1.0","True","{""écoute"",""équilibre"",""douceur""}","fr","1"
"3","toutes","travail","2","indifferent","indifferent","direct_doux","Privilégie la collaboration : une demande claire et douce facilite l’accord.","21","1.0","True","{""écoute"",""équilibre"",""douceur""}","fr","1"
"3","toutes","travail","2","indifferent","indifferent","direct_doux","Sois patient(ente) : avance par étapes plutôt que par pression.","21","1.0","True","{""écoute"",""équilibre"",""douceur""}","fr","1"
"3","toutes","travail","2","indifferent","indifferent","direct_doux","Clarifie un point avec diplomatie : « voilà ce que je propose ».","21","1.0","True","{""écoute"",""équilibre"",""douceur""}","fr","1"
"3","toutes","travail","2","indifferent","indifferent","direct_doux","Évite les discussions inutiles : un accord simple suffit.","21","1.0","True","{""écoute"",""équilibre"",""douceur""}","fr","1"
"3","toutes","travail","2","indifferent","indifferent","direct_doux","Travaille en binôme si possible : l’énergie est favorable aux partenariats.","21","1.0","True","{""écoute"",""équilibre"",""douceur""}","fr","1"
"3","toutes","travail","2","indifferent","indifferent","direct_doux","Réponds avec calme : ton professionnalisme se voit dans le ton.","21","1.0","True","{""écoute"",""équilibre"",""douceur""}","fr","1"
"3","toutes","travail","2","indifferent","indifferent","direct_doux","Priorise l’écoute : comprendre l’autre partie donne un avantage.","21","1.0","True","{""écoute"",""équilibre"",""douceur""}","fr","1"
"3","toutes","travail","2","indifferent","indifferent","direct_doux","Choisis une tâche de consolidation plutôt qu’un grand saut.","21","1.0","True","{""écoute"",""équilibre"",""douceur""}","fr","1"
"3","toutes","travail","2","indifferent","indifferent","direct_doux","Fais une pause avant d’envoyer un message important : relis et adoucis.","21","1.0","True","{""écoute"",""équilibre"",""douceur""}","fr","1"
"3","toutes","argent","2","indifferent","indifferent","direct_doux","Prends les décisions financières à tête froide : vérifie, puis valide.","21","1.0","True","{""écoute"",""équilibre"",""douceur""}","fr","1"
"3","toutes","argent","2","indifferent","indifferent","direct_doux","Évite les dépenses émotionnelles : achat “pour te calmer” = piège.","21","1.0","True","{""écoute"",""équilibre"",""douceur""}","fr","1"
"3","toutes","argent","2","indifferent","indifferent","direct_doux","Parle d’argent avec douceur : chiffres clairs, ton calme.","21","1.0","True","{""écoute"",""équilibre"",""douceur""}","fr","1"
"3","toutes","argent","2","indifferent","indifferent","direct_doux","Établis un petit budget et respecte-le : la paix vient de la mesure.","21","1.0","True","{""écoute"",""équilibre"",""douceur""}","fr","1"
"3","toutes","argent","2","indifferent","indifferent","direct_doux","Si tu prêtes/partages, pose des limites claires pour éviter les frustrations.","21","1.0","True","{""écoute"",""équilibre"",""douceur""}","fr","1"
"3","toutes","argent","2","indifferent","indifferent","direct_doux","Privilégie l’épargne ou la sécurité plutôt que le risque.","21","1.0","True","{""écoute"",""équilibre"",""douceur""}","fr","1"
"3","toutes","argent","2","indifferent","indifferent","direct_doux","Clarifie une dette ou une facture : mettre au clair allège l’esprit.","21","1.0","True","{""écoute"",""équilibre"",""douceur""}","fr","1"
"3","toutes","argent","2","indifferent","indifferent","direct_doux","Demande conseil si besoin : à deux, on voit mieux.","21","1.0","True","{""écoute"",""équilibre"",""douceur""}","fr","1"
"3","toutes","argent","2","indifferent","indifferent","direct_doux","Si tu hésites, reporte : la clarté revient rapidement.","21","1.0","True","{""écoute"",""équilibre"",""douceur""}","fr","1"
"3","toutes","sante","2","indifferent","indifferent","direct_doux","Ralentis le rythme : plus de douceur, moins de tension nerveuse.","21","1.0","True","{""écoute"",""équilibre"",""douceur""}","fr","1"
"3","toutes","sante","2","indifferent","indifferent","direct_doux","Hydrate-toi et respire lentement : cela calme l’émotionnel.","21","1.0","True","{""écoute"",""équilibre"",""douceur""}","fr","1"
"3","toutes","sante","2","indifferent","indifferent","direct_doux","Choisis un repas simple et apaisant : ton corps influence ton humeur.","21","1.0","True","{""écoute"",""équilibre"",""douceur""}","fr","1"
"3","toutes","sante","2","indifferent","indifferent","direct_doux","Évite les conflits à jeun ou fatigué(e) : prends soin de ton énergie.","21","1.0","True","{""écoute"",""équilibre"",""douceur""}","fr","1"
"3","toutes","sante","2","indifferent","indifferent","direct_doux","Marche 10 minutes en silence : ça rééquilibre.","21","1.0","True","{""écoute"",""équilibre"",""douceur""}","fr","1"
"3","toutes","sante","2","indifferent","indifferent","direct_doux","Avant de répondre, expire longuement : le calme revient.","21","1.0","True","{""écoute"",""équilibre"",""douceur""}","fr","1"
"3","toutes","sante","2","indifferent","indifferent","direct_doux","Prends une pause écran : ton système nerveux se détend.","21","1.0","True","{""écoute"",""équilibre"",""douceur""}","fr","1"
"3","toutes","sante","2","indifferent","indifferent","direct_doux","Un peu de musique douce peut changer ton état intérieur.","21","1.0","True","{""écoute"",""équilibre"",""douceur""}","fr","1"
"3","toutes","sante","2","indifferent","indifferent","direct_doux","Dors tôt si possible : la sensibilité diminue avec le repos.","21","1.0","True","{""écoute"",""équilibre"",""douceur""}","fr","1"
"3","toutes","feu","2","indifferent","indifferent","direct_doux","Décision de couple : orange — discuter d’abord, décider ensuite; l’écoute prime.","21","1.0","True","{""écoute"",""équilibre"",""douceur""}","fr","1"
"3","toutes","feu","2","indifferent","indifferent","direct_doux","Décision de couple : orange — favorable aux compromis, pas aux ruptures brusques.","21","1.0","True","{""écoute"",""équilibre"",""douceur""}","fr","1"
"3","toutes","feu","2","indifferent","indifferent","direct_doux","Décision de couple : orange — choisis la paix avant la victoire.","21","1.0","True","{""écoute"",""équilibre"",""douceur""}","fr","1"
"3","toutes","feu","2","indifferent","indifferent","direct_doux","Décision de couple : vert — un accord simple et partagé est bien soutenu.","21","1.0","True","{""écoute"",""équilibre"",""douceur""}","fr","1"
"3","toutes","feu","2","indifferent","indifferent","direct_doux","Décision de couple : vert — bon moment pour apaiser et rapprocher.","21","1.0","True","{""écoute"",""équilibre"",""douceur""}","fr","1"
"3","toutes","feu","2","indifferent","indifferent","direct_doux","Décision de couple : rouge — évite de trancher sous émotion ou jalousie.","21","1.0","True","{""écoute"",""équilibre"",""douceur""}","fr","1"
"3","toutes","feu","2","indifferent","indifferent","direct_doux","Décision de couple : rouge — ne fais pas de promesse floue; clarifie avant.","21","1.0","True","{""écoute"",""équilibre"",""douceur""}","fr","1"
"3","toutes","acte","3","indifferent","indifferent","direct_doux","Envoie à {partner} un compliment vrai et précis : cela nourrit la complicité.","21","1.0","True","{""expression"",""joie"",""créativité""}","fr","1"
"3","toutes","acte","3","indifferent","indifferent","direct_doux","Propose une activité légère à deux : marche, musique, sortie simple, rire partagé.","21","1.0","True","{""expression"",""joie"",""créativité""}","fr","1"
"3","toutes","acte","3","indifferent","indifferent","direct_doux","Ouvre une conversation avec chaleur : « j’ai envie qu’on se rapproche ».","21","1.0","True","{""expression"",""joie"",""créativité""}","fr","1"
"3","toutes","acte","3","indifferent","indifferent","direct_doux","Partage une idée créative pour améliorer le quotidien du couple.","21","1.0","True","{""expression"",""joie"",""créativité""}","fr","1"
"3","toutes","acte","3","indifferent","indifferent","direct_doux","Fais un geste spontané : une attention inattendue, mais sincère.","21","1.0","True","{""expression"",""joie"",""créativité""}","fr","1"
"3","toutes","acte","3","indifferent","indifferent","direct_doux","Clarifie un sujet par la parole, sans détour ni ironie.","21","1.0","True","{""expression"",""joie"",""créativité""}","fr","1"
"3","toutes","acte","3","indifferent","indifferent","direct_doux","Écris un message positif à {partner} et laisse-le respirer : pas besoin d’en faire trop.","21","1.0","True","{""expression"",""joie"",""créativité""}","fr","1"
"3","toutes","acte","3","indifferent","indifferent","direct_doux","Choisis un moment de qualité : 15 minutes ensemble, sans écrans.","21","1.0","True","{""expression"",""joie"",""créativité""}","fr","1"
"3","toutes","acte","3","indifferent","indifferent","direct_doux","Transforme une tension en échange : parle du cœur, pas de l’ego.","21","1.0","True","{""expression"",""joie"",""créativité""}","fr","1"
"3","toutes","acte","3","indifferent","indifferent","direct_doux","Crée un souvenir simple : photo, repas, balade, jeu, discussion.","21","1.0","True","{""expression"",""joie"",""créativité""}","fr","1"
"3","toutes","acte","3","indifferent","indifferent","direct_doux","Exprime ce que tu apprécies chez {partner} : la gratitude ouvre le cœur.","21","1.0","True","{""expression"",""joie"",""créativité""}","fr","1"
"3","toutes","acte","3","indifferent","indifferent","direct_doux","Si tu veux demander quelque chose, commence par un mot doux.","21","1.0","True","{""expression"",""joie"",""créativité""}","fr","1"
"3","toutes","acte","3","indifferent","indifferent","direct_doux","Propose une mini-réconciliation : « on repart sur de bonnes bases ».","21","1.0","True","{""expression"",""joie"",""créativité""}","fr","1"
"3","toutes","acte","3","indifferent","indifferent","direct_doux","Choisis une idée et concrétise-la tout de suite : un petit acte vaut mieux qu’un grand discours.","21","1.0","True","{""expression"",""joie"",""créativité""}","fr","1"
"3","toutes","rituel","3","indifferent","indifferent","direct_doux","Souris volontairement 10 secondes, puis dis : « J’apporte de la lumière. »","21","1.0","True","{""expression"",""joie"",""créativité""}","fr","1"
"3","toutes","rituel","3","indifferent","indifferent","direct_doux","Respiration (4-6) une minute : « Je parle avec joie et respect. »","21","1.0","True","{""expression"",""joie"",""créativité""}","fr","1"
"3","toutes","rituel","3","indifferent","indifferent","direct_doux","Écris 3 choses positives sur {partner}, puis dis : « Merci pour ces forces. »","21","1.0","True","{""expression"",""joie"",""créativité""}","fr","1"
"3","toutes","rituel","3","indifferent","indifferent","direct_doux","Une courte prière/affirmation : « Que la joie nous rapproche. »","21","1.0","True","{""expression"",""joie"",""créativité""}","fr","1"
"3","toutes","rituel","3","indifferent","indifferent","direct_doux","Mets une musique douce et écoute 1 minute : « Je choisis l’harmonie. »","21","1.0","True","{""expression"",""joie"",""créativité""}","fr","1"
"3","toutes","rituel","3","indifferent","indifferent","direct_doux","Main sur le cœur : « Mes mots guérissent, ils ne blessent pas. »","21","1.0","True","{""expression"",""joie"",""créativité""}","fr","1"
"3","toutes","rituel","3","indifferent","indifferent","direct_doux","Bois de l’eau et dis : « Je rafraîchis mon esprit. »","21","1.0","True","{""expression"",""joie"",""créativité""}","fr","1"
"3","toutes","rituel","3","indifferent","indifferent","direct_doux","Ferme les yeux : « Je choisis la simplicité et la vérité. »","21","1.0","True","{""expression"",""joie"",""créativité""}","fr","1"
"3","toutes","rituel","3","indifferent","indifferent","direct_doux","Note une intention : « Je crée un moment agréable aujourd’hui. »","21","1.0","True","{""expression"",""joie"",""créativité""}","fr","1"
"3","toutes","rituel","3","indifferent","indifferent","direct_doux","Respire, puis envoie un message de gratitude à {partner}.","21","1.0","True","{""expression"",""joie"",""créativité""}","fr","1"
"3","toutes","rituel","3","indifferent","indifferent","direct_doux","Une minute sans écran : « Je reviens au lien. »","21","1.0","True","{""expression"",""joie"",""créativité""}","fr","1"
"3","toutes","rituel","3","indifferent","indifferent","direct_doux","Répète 3 fois : « Je m’exprime avec douceur. »","21","1.0","True","{""expression"",""joie"",""créativité""}","fr","1"
"3","toutes","rituel","3","indifferent","indifferent","direct_doux","Visualise un échange paisible, puis dis : « Je garde le ton juste. »","21","1.0","True","{""expression"",""joie"",""créativité""}","fr","1"
"3","toutes","rituel","3","indifferent","indifferent","direct_doux","Allège ton cœur : « Je laisse l’ironie, je garde la tendresse. »","21","1.0","True","{""expression"",""joie"",""créativité""}","fr","1"
"3","toutes","couple","3","indifferent","indifferent","direct_doux","Choisis la parole simple : exprimer clairement évite la confusion.","21","1.0","True","{""expression"",""joie"",""créativité""}","fr","1"
"3","toutes","couple","3","indifferent","indifferent","direct_doux","Un compliment sincère ouvre plus de portes qu’un reproche.","21","1.0","True","{""expression"",""joie"",""créativité""}","fr","1"
"3","toutes","couple","3","indifferent","indifferent","direct_doux","Évite l’ironie : elle amuse parfois, mais elle blesse souvent.","21","1.0","True","{""expression"",""joie"",""créativité""}","fr","1"
"3","toutes","couple","3","indifferent","indifferent","direct_doux","Si un sujet est sensible, commence par le cœur : « je veux qu’on se comprenne ».","21","1.0","True","{""expression"",""joie"",""créativité""}","fr","1"
"3","toutes","couple","3","indifferent","indifferent","direct_doux","La complicité renaît dans les petites choses : rire, regarder, partager.","21","1.0","True","{""expression"",""joie"",""créativité""}","fr","1"
"3","toutes","couple","3","indifferent","indifferent","direct_doux","Ne te disperse pas : un échange de qualité vaut mieux que dix messages.","21","1.0","True","{""expression"",""joie"",""créativité""}","fr","1"
"3","toutes","couple","3","indifferent","indifferent","direct_doux","Clarifie un malentendu rapidement et avec douceur : ça évite l’accumulation.","21","1.0","True","{""expression"",""joie"",""créativité""}","fr","1"
"3","toutes","couple","3","indifferent","indifferent","direct_doux","Si {partner} est fermé(e), propose une pause puis reviens avec calme.","21","1.0","True","{""expression"",""joie"",""créativité""}","fr","1"
"3","toutes","couple","3","indifferent","indifferent","direct_doux","Choisis un moment sans écrans : présence réelle = amour réel.","21","1.0","True","{""expression"",""joie"",""créativité""}","fr","1"
"3","toutes","couple","3","indifferent","indifferent","direct_doux","Garde la légèreté sans fuir l’essentiel : équilibre entre joie et vérité.","21","1.0","True","{""expression"",""joie"",""créativité""}","fr","1"
"3","toutes","travail","3","indifferent","indifferent","direct_doux","Favorise les tâches créatives ou de communication : elles sont mieux inspirées.","21","1.0","True","{""expression"",""joie"",""créativité""}","fr","1"
"3","toutes","travail","3","indifferent","indifferent","direct_doux","Sois clair( e ) dans tes messages : une phrase bien formulée évite la confusion.","21","1.0","True","{""expression"",""joie"",""créativité""}","fr","1"
"3","toutes","travail","3","indifferent","indifferent","direct_doux","Évite la dispersion : termine une chose avant d’ouvrir la suivante.","21","1.0","True","{""expression"",""joie"",""créativité""}","fr","1"
"3","toutes","travail","3","indifferent","indifferent","direct_doux","Privilégie les échanges positifs : ton énergie attire la coopération.","21","1.0","True","{""expression"",""joie"",""créativité""}","fr","1"
"3","toutes","travail","3","indifferent","indifferent","direct_doux","Si tu présentes une idée, fais-la simple et concrète.","21","1.0","True","{""expression"",""joie"",""créativité""}","fr","1"
"3","toutes","travail","3","indifferent","indifferent","direct_doux","Reste flexible : une bonne idée peut venir en changeant d’angle.","21","1.0","True","{""expression"",""joie"",""créativité""}","fr","1"
"3","toutes","travail","3","indifferent","indifferent","direct_doux","Organise une conversation utile : parler vaut mieux que supposer.","21","1.0","True","{""expression"",""joie"",""créativité""}","fr","1"
"3","toutes","travail","3","indifferent","indifferent","direct_doux","Un petit progrès visible vaut plus qu’un grand plan.","21","1.0","True","{""expression"",""joie"",""créativité""}","fr","1"
"3","toutes","travail","3","indifferent","indifferent","direct_doux","Choisis un ton chaleureux : il facilite les accords.","21","1.0","True","{""expression"",""joie"",""créativité""}","fr","1"
"3","toutes","argent","3","indifferent","indifferent","direct_doux","Surveille les dépenses “plaisir” : plaisir oui, excès non.","21","1.0","True","{""expression"",""joie"",""créativité""}","fr","1"
"3","toutes","argent","3","indifferent","indifferent","direct_doux","Si tu achètes, choisis une chose utile ou vraiment joyeuse, pas un remplissage.","21","1.0","True","{""expression"",""joie"",""créativité""}","fr","1"
"3","toutes","argent","3","indifferent","indifferent","direct_doux","Évite l’achat impulsif après une émotion : respire puis décide.","21","1.0","True","{""expression"",""joie"",""créativité""}","fr","1"
"3","toutes","argent","3","indifferent","indifferent","direct_doux","Clarifie un petit budget loisir : ça protège la stabilité.","21","1.0","True","{""expression"",""joie"",""créativité""}","fr","1"
"3","toutes","argent","3","indifferent","indifferent","direct_doux","Ne promets pas financièrement pour plaire : reste vrai( e ).","21","1.0","True","{""expression"",""joie"",""créativité""}","fr","1"
"3","toutes","argent","3","indifferent","indifferent","direct_doux","Privilégie la mesure : la joie ne demande pas forcément de grandes dépenses.","21","1.0","True","{""expression"",""joie"",""créativité""}","fr","1"
"3","toutes","argent","3","indifferent","indifferent","direct_doux","Vérifie deux fois avant de payer : éviter l’erreur est un gain.","21","1.0","True","{""expression"",""joie"",""créativité""}","fr","1"
"3","toutes","argent","3","indifferent","indifferent","direct_doux","Si tu hésites, attends 24h : la décision sera plus lucide.","21","1.0","True","{""expression"",""joie"",""créativité""}","fr","1"
"3","toutes","argent","3","indifferent","indifferent","direct_doux","Partage les plans financiers avec calme : transparence = confiance.","21","1.0","True","{""expression"",""joie"",""créativité""}","fr","1"
"3","toutes","sante","3","indifferent","indifferent","direct_doux","Bouge un peu : la légèreté mentale vient aussi du mouvement.","21","1.0","True","{""expression"",""joie"",""créativité""}","fr","1"
"3","toutes","sante","3","indifferent","indifferent","direct_doux","Hydrate-toi et respire : ton humeur s’éclaircit.","21","1.0","True","{""expression"",""joie"",""créativité""}","fr","1"
"3","toutes","sante","3","indifferent","indifferent","direct_doux","Mets une musique agréable : elle influence ton état intérieur.","21","1.0","True","{""expression"",""joie"",""créativité""}","fr","1"
"3","toutes","sante","3","indifferent","indifferent","direct_doux","Réduis les écrans : ta créativité remonte quand ton esprit se calme.","21","1.0","True","{""expression"",""joie"",""créativité""}","fr","1"
"3","toutes","sante","3","indifferent","indifferent","direct_doux","Prends l’air 10 minutes : ça ouvre le cœur et les idées.","21","1.0","True","{""expression"",""joie"",""créativité""}","fr","1"
"3","toutes","sante","3","indifferent","indifferent","direct_doux","Dors suffisamment : la joie est fragile quand la fatigue est forte.","21","1.0","True","{""expression"",""joie"",""créativité""}","fr","1"
"3","toutes","sante","3","indifferent","indifferent","direct_doux","Mange léger : l’énergie est plus stable.","21","1.0","True","{""expression"",""joie"",""créativité""}","fr","1"
"3","toutes","sante","3","indifferent","indifferent","direct_doux","Évite la surcharge sociale : un moment calme te recharge.","21","1.0","True","{""expression"",""joie"",""créativité""}","fr","1"
"3","toutes","sante","3","indifferent","indifferent","direct_doux","Rappelle-toi de rire : c’est une médecine simple.","21","1.0","True","{""expression"",""joie"",""créativité""}","fr","1"
"3","toutes","feu","3","indifferent","indifferent","direct_doux","Décision de couple : vert — bon moment pour parler, clarifier, se rapprocher.","21","1.0","True","{""expression"",""joie"",""créativité""}","fr","1"
"3","toutes","feu","3","indifferent","indifferent","direct_doux","Décision de couple : vert — favorable aux échanges et aux réconciliations simples.","21","1.0","True","{""expression"",""joie"",""créativité""}","fr","1"
"3","toutes","feu","3","indifferent","indifferent","direct_doux","Décision de couple : orange — évite les grandes promesses; reste concret.","21","1.0","True","{""expression"",""joie"",""créativité""}","fr","1"
"3","toutes","feu","3","indifferent","indifferent","direct_doux","Décision de couple : orange — discute, mais ne dramatise pas; un sujet à la fois.","21","1.0","True","{""expression"",""joie"",""créativité""}","fr","1"
"3","toutes","feu","3","indifferent","indifferent","direct_doux","Décision de couple : orange — attention aux mots rapides; choisis la douceur.","21","1.0","True","{""expression"",""joie"",""créativité""}","fr","1"
"3","toutes","feu","3","indifferent","indifferent","direct_doux","Décision de couple : rouge — évite l’ironie ou la provocation.","21","1.0","True","{""expression"",""joie"",""créativité""}","fr","1"
"3","toutes","feu","3","indifferent","indifferent","direct_doux","Décision de couple : rouge — ne décide pas sous émotion; pause et reprise.","21","1.0","True","{""expression"",""joie"",""créativité""}","fr","1"
"3","toutes","acte","4","indifferent","indifferent","direct_doux","Clarifie une règle simple du quotidien avec {partner} : ça protège la paix.","21","1.0","True","{""structure"",""stabilité"",""organisation""}","fr","1"
"3","toutes","acte","4","indifferent","indifferent","direct_doux","Répartis une responsabilité (tâche, horaire, budget) de manière équitable.","21","1.0","True","{""structure"",""stabilité"",""organisation""}","fr","1"
"3","toutes","acte","4","indifferent","indifferent","direct_doux","Mets de l’ordre sur un point précis : agenda, maison, documents, priorités.","21","1.0","True","{""structure"",""stabilité"",""organisation""}","fr","1"
"3","toutes","acte","4","indifferent","indifferent","direct_doux","Termine une tâche en attente : conclure rend l’esprit plus léger.","21","1.0","True","{""structure"",""stabilité"",""organisation""}","fr","1"
"3","toutes","acte","4","indifferent","indifferent","direct_doux","Établis un mini-plan à deux (3 points maximum) et commence le premier.","21","1.0","True","{""structure"",""stabilité"",""organisation""}","fr","1"
"3","toutes","acte","4","indifferent","indifferent","direct_doux","Pose un cadre sans dureté : limite claire, ton respectueux.","21","1.0","True","{""structure"",""stabilité"",""organisation""}","fr","1"
"3","toutes","acte","4","indifferent","indifferent","direct_doux","Fais une action de stabilité : ranger, planifier, régler un détail pratique.","21","1.0","True","{""structure"",""stabilité"",""organisation""}","fr","1"
"3","toutes","acte","4","indifferent","indifferent","direct_doux","Clarifie “qui fait quoi” et note-le : la confusion crée des tensions.","21","1.0","True","{""structure"",""stabilité"",""organisation""}","fr","1"
"3","toutes","acte","4","indifferent","indifferent","direct_doux","Choisis une discipline douce : 30 minutes de travail régulier sur un objectif.","21","1.0","True","{""structure"",""stabilité"",""organisation""}","fr","1"
"3","toutes","acte","4","indifferent","indifferent","direct_doux","Règle un détail matériel qui revient souvent : petit effort, grande paix.","21","1.0","True","{""structure"",""stabilité"",""organisation""}","fr","1"
"3","toutes","acte","4","indifferent","indifferent","direct_doux","Tiens une promesse simple faite à {partner} : cohérence = confiance.","21","1.0","True","{""structure"",""stabilité"",""organisation""}","fr","1"
"3","toutes","acte","4","indifferent","indifferent","direct_doux","Crée une routine de calme : un moment fixe sans écrans, ensemble.","21","1.0","True","{""structure"",""stabilité"",""organisation""}","fr","1"
"3","toutes","acte","4","indifferent","indifferent","direct_doux","Organise un point financier ou administratif : la clarté rassure.","21","1.0","True","{""structure"",""stabilité"",""organisation""}","fr","1"
"3","toutes","acte","4","indifferent","indifferent","direct_doux","Fais un geste de soutien concret pour alléger {partner} aujourd’hui.","21","1.0","True","{""structure"",""stabilité"",""organisation""}","fr","1"
"3","toutes","rituel","4","indifferent","indifferent","direct_doux","Range un petit espace 2 minutes, puis dis : « Je mets de l’ordre dans ma vie. »","21","1.0","True","{""structure"",""stabilité"",""organisation""}","fr","1"
"3","toutes","rituel","4","indifferent","indifferent","direct_doux","Respiration (4-6) une minute : « Je construis avec patience. »","21","1.0","True","{""structure"",""stabilité"",""organisation""}","fr","1"
"3","toutes","rituel","4","indifferent","indifferent","direct_doux","Écris 3 priorités, puis dis : « Je fais la première, calmement. »","21","1.0","True","{""structure"",""stabilité"",""organisation""}","fr","1"
"3","toutes","rituel","4","indifferent","indifferent","direct_doux","Main sur le cœur : « Je tiens parole, je protège le lien. »","21","1.0","True","{""structure"",""stabilité"",""organisation""}","fr","1"
"3","toutes","rituel","4","indifferent","indifferent","direct_doux","Une courte prière/affirmation : « Que notre maison soit en paix. »","21","1.0","True","{""structure"",""stabilité"",""organisation""}","fr","1"
"3","toutes","rituel","4","indifferent","indifferent","direct_doux","Bois un verre d’eau : « Je choisis la stabilité. »","21","1.0","True","{""structure"",""stabilité"",""organisation""}","fr","1"
"3","toutes","rituel","4","indifferent","indifferent","direct_doux","Éteins les écrans 2 minutes : « Je reviens au concret. »","21","1.0","True","{""structure"",""stabilité"",""organisation""}","fr","1"
"3","toutes","rituel","4","indifferent","indifferent","direct_doux","Pose une intention : « Je structure sans rigidité. »","21","1.0","True","{""structure"",""stabilité"",""organisation""}","fr","1"
"3","toutes","rituel","4","indifferent","indifferent","direct_doux","Note une règle simple : « Je fais ce que je promets. »","21","1.0","True","{""structure"",""stabilité"",""organisation""}","fr","1"
"3","toutes","rituel","4","indifferent","indifferent","direct_doux","Respire, puis remercie pour une chose solide dans ta vie.","21","1.0","True","{""structure"",""stabilité"",""organisation""}","fr","1"
"3","toutes","rituel","4","indifferent","indifferent","direct_doux","Allume une lumière et dis : « Je clarifie, je sécurise, je construis. »","21","1.0","True","{""structure"",""stabilité"",""organisation""}","fr","1"
"3","toutes","rituel","4","indifferent","indifferent","direct_doux","Répète 3 fois : « Patience, méthode, résultat. »","21","1.0","True","{""structure"",""stabilité"",""organisation""}","fr","1"
"3","toutes","rituel","4","indifferent","indifferent","direct_doux","Visualise un cadre sain, puis dis : « Je reste juste et doux(ce). »","21","1.0","True","{""structure"",""stabilité"",""organisation""}","fr","1"
"3","toutes","rituel","4","indifferent","indifferent","direct_doux","Une minute de silence : « Je stabilise l’essentiel. »","21","1.0","True","{""structure"",""stabilité"",""organisation""}","fr","1"
"3","toutes","couple","4","indifferent","indifferent","direct_doux","Privilégie le concret : régler un détail pratique apaise souvent plus qu’un long débat.","21","1.0","True","{""structure"",""stabilité"",""organisation""}","fr","1"
"3","toutes","couple","4","indifferent","indifferent","direct_doux","Évite la critique : fais une demande claire et respectueuse.","21","1.0","True","{""structure"",""stabilité"",""organisation""}","fr","1"
"3","toutes","couple","4","indifferent","indifferent","direct_doux","Un cadre sain protège l’amour : limites claires, ton doux.","21","1.0","True","{""structure"",""stabilité"",""organisation""}","fr","1"
"3","toutes","couple","4","indifferent","indifferent","direct_doux","Répartis la charge : quand c’est équilibré, la tendresse revient.","21","1.0","True","{""structure"",""stabilité"",""organisation""}","fr","1"
"3","toutes","couple","4","indifferent","indifferent","direct_doux","Ne laisse pas la routine tuer la chaleur : ajoute un mot doux au sérieux.","21","1.0","True","{""structure"",""stabilité"",""organisation""}","fr","1"
"3","toutes","couple","4","indifferent","indifferent","direct_doux","Si {partner} se sent jugé(e), reviens aux faits et adoucis la forme.","21","1.0","True","{""structure"",""stabilité"",""organisation""}","fr","1"
"3","toutes","couple","4","indifferent","indifferent","direct_doux","Clarifier “qui fait quoi” évite les frustrations silencieuses.","21","1.0","True","{""structure"",""stabilité"",""organisation""}","fr","1"
"3","toutes","couple","4","indifferent","indifferent","direct_doux","Avance étape par étape : une amélioration régulière vaut mieux qu’un grand changement brutal.","21","1.0","True","{""structure"",""stabilité"",""organisation""}","fr","1"
"3","toutes","couple","4","indifferent","indifferent","direct_doux","Garde la cohérence : promesse tenue = confiance renforcée.","21","1.0","True","{""structure"",""stabilité"",""organisation""}","fr","1"
"3","toutes","couple","4","indifferent","indifferent","direct_doux","Évite l’entêtement : si ça bloque, ajuste la méthode, pas l’amour.","21","1.0","True","{""structure"",""stabilité"",""organisation""}","fr","1"
"3","toutes","travail","4","indifferent","indifferent","direct_doux","Planifie, organise, puis exécute : la méthode te donne de l’avance.","21","1.0","True","{""structure"",""stabilité"",""organisation""}","fr","1"
"3","toutes","travail","4","indifferent","indifferent","direct_doux","Termine une tâche avant d’en ouvrir une autre : la discipline paie.","21","1.0","True","{""structure"",""stabilité"",""organisation""}","fr","1"
"3","toutes","travail","4","indifferent","indifferent","direct_doux","Clarifie les procédures : ce qui est écrit évite les malentendus.","21","1.0","True","{""structure"",""stabilité"",""organisation""}","fr","1"
"3","toutes","travail","4","indifferent","indifferent","direct_doux","Sois régulier(ère) : un effort constant vaut mieux qu’un sprint.","21","1.0","True","{""structure"",""stabilité"",""organisation""}","fr","1"
"3","toutes","travail","4","indifferent","indifferent","direct_doux","Priorise le concret : documents, rendez-vous, actions mesurables.","21","1.0","True","{""structure"",""stabilité"",""organisation""}","fr","1"
"3","toutes","travail","4","indifferent","indifferent","direct_doux","Évite la procrastination : fais un petit pas et continue.","21","1.0","True","{""structure"",""stabilité"",""organisation""}","fr","1"
"3","toutes","travail","4","indifferent","indifferent","direct_doux","Stabilise ton agenda : réserve un créneau fixe pour l’essentiel.","21","1.0","True","{""structure"",""stabilité"",""organisation""}","fr","1"
"3","toutes","travail","4","indifferent","indifferent","direct_doux","Garde un ton professionnel et calme : c’est ta force.","21","1.0","True","{""structure"",""stabilité"",""organisation""}","fr","1"
"3","toutes","travail","4","indifferent","indifferent","direct_doux","Range tes priorités : ce que tu sécurises aujourd’hui te libère demain.","21","1.0","True","{""structure"",""stabilité"",""organisation""}","fr","1"
"3","toutes","argent","4","indifferent","indifferent","direct_doux","Mets un budget simple noir sur blanc : sécurité avant confort.","21","1.0","True","{""structure"",""stabilité"",""organisation""}","fr","1"
"3","toutes","argent","4","indifferent","indifferent","direct_doux","Évite les dépenses inutiles : privilégie l’essentiel et le durable.","21","1.0","True","{""structure"",""stabilité"",""organisation""}","fr","1"
"3","toutes","argent","4","indifferent","indifferent","direct_doux","Règle une facture/dette en attente : la clarté enlève une pression.","21","1.0","True","{""structure"",""stabilité"",""organisation""}","fr","1"
"3","toutes","argent","4","indifferent","indifferent","direct_doux","Planifie une épargne, même petite : la stabilité se construit.","21","1.0","True","{""structure"",""stabilité"",""organisation""}","fr","1"
"3","toutes","argent","4","indifferent","indifferent","direct_doux","Vérifie les chiffres avant un engagement : la prudence protège.","21","1.0","True","{""structure"",""stabilité"",""organisation""}","fr","1"
"3","toutes","argent","4","indifferent","indifferent","direct_doux","Fais un tri financier : abonnements, petites sorties d’argent, fuites.","21","1.0","True","{""structure"",""stabilité"",""organisation""}","fr","1"
"3","toutes","argent","4","indifferent","indifferent","direct_doux","Privilégie l’investissement utile, pas la dépense d’image.","21","1.0","True","{""structure"",""stabilité"",""organisation""}","fr","1"
"3","toutes","argent","4","indifferent","indifferent","direct_doux","Décide avec méthode : compare, note, puis choisis.","21","1.0","True","{""structure"",""stabilité"",""organisation""}","fr","1"
"3","toutes","argent","4","indifferent","indifferent","direct_doux","Évite de prêter sous pression : une limite claire protège la relation.","21","1.0","True","{""structure"",""stabilité"",""organisation""}","fr","1"
"3","toutes","sante","4","indifferent","indifferent","direct_doux","Prends soin de ton rythme : routine stable = esprit stable.","21","1.0","True","{""structure"",""stabilité"",""organisation""}","fr","1"
"3","toutes","sante","4","indifferent","indifferent","direct_doux","Marche 15 minutes : le corps aime la régularité.","21","1.0","True","{""structure"",""stabilité"",""organisation""}","fr","1"
"3","toutes","sante","4","indifferent","indifferent","direct_doux","Hydrate-toi et mange simple : la stabilité passe aussi par l’alimentation.","21","1.0","True","{""structure"",""stabilité"",""organisation""}","fr","1"
"3","toutes","sante","4","indifferent","indifferent","direct_doux","Évite la surcharge : structure ton temps et repose-toi.","21","1.0","True","{""structure"",""stabilité"",""organisation""}","fr","1"
"3","toutes","sante","4","indifferent","indifferent","direct_doux","Dors à heure régulière : c’est un pilier.","21","1.0","True","{""structure"",""stabilité"",""organisation""}","fr","1"
"3","toutes","sante","4","indifferent","indifferent","direct_doux","Respire lentement avant une discussion : calme = lucidité.","21","1.0","True","{""structure"",""stabilité"",""organisation""}","fr","1"
"3","toutes","sante","4","indifferent","indifferent","direct_doux","Fais un petit étirement : corps détendu, paroles plus douces.","21","1.0","True","{""structure"",""stabilité"",""organisation""}","fr","1"
"3","toutes","sante","4","indifferent","indifferent","direct_doux","Range ton espace : l’ordre extérieur apaise l’intérieur.","21","1.0","True","{""structure"",""stabilité"",""organisation""}","fr","1"
"3","toutes","sante","4","indifferent","indifferent","direct_doux","Fixe une limite écran : ton mental te remerciera.","21","1.0","True","{""structure"",""stabilité"",""organisation""}","fr","1"
"3","toutes","feu","4","indifferent","indifferent","direct_doux","Décision de couple : vert — favorable aux accords pratiques et aux règles claires.","21","1.0","True","{""structure"",""stabilité"",""organisation""}","fr","1"
"3","toutes","feu","4","indifferent","indifferent","direct_doux","Décision de couple : vert — bon moment pour organiser et stabiliser.","21","1.0","True","{""structure"",""stabilité"",""organisation""}","fr","1"
"3","toutes","feu","4","indifferent","indifferent","direct_doux","Décision de couple : orange — évite la rigidité; discute avant d’imposer.","21","1.0","True","{""structure"",""stabilité"",""organisation""}","fr","1"
"3","toutes","feu","4","indifferent","indifferent","direct_doux","Décision de couple : orange — un cadre oui, un ultimatum non.","21","1.0","True","{""structure"",""stabilité"",""organisation""}","fr","1"
"3","toutes","feu","4","indifferent","indifferent","direct_doux","Décision de couple : orange — avance étape par étape; pas tout d’un coup.","21","1.0","True","{""structure"",""stabilité"",""organisation""}","fr","1"
"3","toutes","feu","4","indifferent","indifferent","direct_doux","Décision de couple : rouge — évite la critique froide ou les reproches.","21","1.0","True","{""structure"",""stabilité"",""organisation""}","fr","1"
"3","toutes","feu","4","indifferent","indifferent","direct_doux","Décision de couple : rouge — ne tranche pas sous fatigue; pause d’abord.","21","1.0","True","{""structure"",""stabilité"",""organisation""}","fr","1"
"3","toutes","acte","5","indifferent","indifferent","direct_doux","Change une seule chose utile : une habitude, un rythme, une façon de parler.","21","1.0","True","{""changement"",""mouvement"",""adaptation""}","fr","1"
"3","toutes","acte","5","indifferent","indifferent","direct_doux","Propose à {partner} une petite nouveauté : sortie, activité, trajet, moment différent.","21","1.0","True","{""changement"",""mouvement"",""adaptation""}","fr","1"
"3","toutes","acte","5","indifferent","indifferent","direct_doux","Clarifie un imprévu rapidement : une phrase simple évite la tension.","21","1.0","True","{""changement"",""mouvement"",""adaptation""}","fr","1"
"3","toutes","acte","5","indifferent","indifferent","direct_doux","Allège le programme : laisse de l’air dans la journée et dans le couple.","21","1.0","True","{""changement"",""mouvement"",""adaptation""}","fr","1"
"3","toutes","acte","5","indifferent","indifferent","direct_doux","Teste une nouvelle solution sur un sujet ancien : approche différente, ton doux.","21","1.0","True","{""changement"",""mouvement"",""adaptation""}","fr","1"
"3","toutes","acte","5","indifferent","indifferent","direct_doux","Bouge un peu avec {partner} : marcher ensemble rafraîchit l’ambiance.","21","1.0","True","{""changement"",""mouvement"",""adaptation""}","fr","1"
"3","toutes","acte","5","indifferent","indifferent","direct_doux","Fais un ajustement au lieu d’un bouleversement : progrès léger, mais réel.","21","1.0","True","{""changement"",""mouvement"",""adaptation""}","fr","1"
"3","toutes","acte","5","indifferent","indifferent","direct_doux","Explique ton besoin de liberté avec respect : présence + mouvement.","21","1.0","True","{""changement"",""mouvement"",""adaptation""}","fr","1"
"3","toutes","acte","5","indifferent","indifferent","direct_doux","Répare un malentendu dès qu’il apparaît : court message, effet durable.","21","1.0","True","{""changement"",""mouvement"",""adaptation""}","fr","1"
"3","toutes","acte","5","indifferent","indifferent","direct_doux","Simplifie un engagement : réduire la charge, c’est déjà avancer.","21","1.0","True","{""changement"",""mouvement"",""adaptation""}","fr","1"
"3","toutes","acte","5","indifferent","indifferent","direct_doux","Choisis une activité qui détend : rire, air, mouvement, musique.","21","1.0","True","{""changement"",""mouvement"",""adaptation""}","fr","1"
"3","toutes","acte","5","indifferent","indifferent","direct_doux","Si tu hésites, choisis la souplesse : adapte plutôt que forcer.","21","1.0","True","{""changement"",""mouvement"",""adaptation""}","fr","1"
"3","toutes","acte","5","indifferent","indifferent","direct_doux","Propose une règle de communication : clarifier vite, sans s’accuser.","21","1.0","True","{""changement"",""mouvement"",""adaptation""}","fr","1"
"3","toutes","acte","5","indifferent","indifferent","direct_doux","Fais un geste spontané de paix envers {partner} et laisse le reste respirer.","21","1.0","True","{""changement"",""mouvement"",""adaptation""}","fr","1"
"3","toutes","rituel","5","indifferent","indifferent","direct_doux","Respiration (4-6) une minute : « Je reste souple et calme. »","21","1.0","True","{""changement"",""mouvement"",""adaptation""}","fr","1"
"3","toutes","rituel","5","indifferent","indifferent","direct_doux","Bouge tes épaules 30 secondes : « Je relâche la tension. »","21","1.0","True","{""changement"",""mouvement"",""adaptation""}","fr","1"
"3","toutes","rituel","5","indifferent","indifferent","direct_doux","Bois un verre d’eau : « Je m’adapte avec sagesse. »","21","1.0","True","{""changement"",""mouvement"",""adaptation""}","fr","1"
"3","toutes","rituel","5","indifferent","indifferent","direct_doux","Une courte prière/affirmation : « Que le changement nous fasse grandir. »","21","1.0","True","{""changement"",""mouvement"",""adaptation""}","fr","1"
"3","toutes","rituel","5","indifferent","indifferent","direct_doux","Ferme les yeux : « Je choisis la liberté responsable. »","21","1.0","True","{""changement"",""mouvement"",""adaptation""}","fr","1"
"3","toutes","rituel","5","indifferent","indifferent","direct_doux","Écris 1 phrase : « Je change une chose, pas tout. »","21","1.0","True","{""changement"",""mouvement"",""adaptation""}","fr","1"
"3","toutes","rituel","5","indifferent","indifferent","direct_doux","Marche 2 minutes en silence : « Je me recentre. »","21","1.0","True","{""changement"",""mouvement"",""adaptation""}","fr","1"
"3","toutes","rituel","5","indifferent","indifferent","direct_doux","Répète 3 fois : « Souplesse, respect, clarté. »","21","1.0","True","{""changement"",""mouvement"",""adaptation""}","fr","1"
"3","toutes","rituel","5","indifferent","indifferent","direct_doux","Avant un message important, respire : « Je parle sans impulsivité. »","21","1.0","True","{""changement"",""mouvement"",""adaptation""}","fr","1"
"3","toutes","rituel","5","indifferent","indifferent","direct_doux","Visualise un plan qui s’ajuste : « Je garde la paix. »","21","1.0","True","{""changement"",""mouvement"",""adaptation""}","fr","1"
"3","toutes","rituel","5","indifferent","indifferent","direct_doux","Éteins les écrans 2 minutes : « Je respire l’air du présent. »","21","1.0","True","{""changement"",""mouvement"",""adaptation""}","fr","1"
"3","toutes","rituel","5","indifferent","indifferent","direct_doux","Main sur le cœur : « Je reste présent(e), même en mouvement. »","21","1.0","True","{""changement"",""mouvement"",""adaptation""}","fr","1"
"3","toutes","rituel","5","indifferent","indifferent","direct_doux","Dis : « Je laisse l’imprévu, je garde l’amour. »","21","1.0","True","{""changement"",""mouvement"",""adaptation""}","fr","1"
"3","toutes","rituel","5","indifferent","indifferent","direct_doux","Note une intention : « Je simplifie ce qui pèse. »","21","1.0","True","{""changement"",""mouvement"",""adaptation""}","fr","1"
"3","toutes","couple","5","indifferent","indifferent","direct_doux","Reste flexible : l’imprévu se gère mieux avec clarté qu’avec irritation.","21","1.0","True","{""changement"",""mouvement"",""adaptation""}","fr","1"
"3","toutes","couple","5","indifferent","indifferent","direct_doux","Explique tes changements de plan : le silence crée de l’insécurité.","21","1.0","True","{""changement"",""mouvement"",""adaptation""}","fr","1"
"3","toutes","couple","5","indifferent","indifferent","direct_doux","Choisis une nouveauté légère pour rafraîchir la relation, sans toucher aux bases.","21","1.0","True","{""changement"",""mouvement"",""adaptation""}","fr","1"
"3","toutes","couple","5","indifferent","indifferent","direct_doux","Évite l’impulsivité : parole rapide = malentendu rapide.","21","1.0","True","{""changement"",""mouvement"",""adaptation""}","fr","1"
"3","toutes","couple","5","indifferent","indifferent","direct_doux","Si {partner} a besoin d’espace, respecte-le sans disparaître.","21","1.0","True","{""changement"",""mouvement"",""adaptation""}","fr","1"
"3","toutes","couple","5","indifferent","indifferent","direct_doux","Clarifie vite un malaise : une phrase maintenant vaut une tension demain.","21","1.0","True","{""changement"",""mouvement"",""adaptation""}","fr","1"
"3","toutes","couple","5","indifferent","indifferent","direct_doux","Garde le respect : la liberté n’a pas besoin de blesser.","21","1.0","True","{""changement"",""mouvement"",""adaptation""}","fr","1"
"3","toutes","couple","5","indifferent","indifferent","direct_doux","Ne fuis pas le fond : changer n’est pas résoudre; parle aussi.","21","1.0","True","{""changement"",""mouvement"",""adaptation""}","fr","1"
"3","toutes","couple","5","indifferent","indifferent","direct_doux","Allège l’ambiance : un peu d’air et de mouvement aide beaucoup.","21","1.0","True","{""changement"",""mouvement"",""adaptation""}","fr","1"
"3","toutes","couple","5","indifferent","indifferent","direct_doux","Un seul ajustement à la fois : trop de changement fatigue le lien.","21","1.0","True","{""changement"",""mouvement"",""adaptation""}","fr","1"
"3","toutes","travail","5","indifferent","indifferent","direct_doux","Reste adaptable : ajuste tes plans plutôt que t’acharner.","21","1.0","True","{""changement"",""mouvement"",""adaptation""}","fr","1"
"3","toutes","travail","5","indifferent","indifferent","direct_doux","Privilégie les tâches mobiles : appels, déplacements, démarches rapides.","21","1.0","True","{""changement"",""mouvement"",""adaptation""}","fr","1"
"3","toutes","travail","5","indifferent","indifferent","direct_doux","Garde une marge dans l’agenda : l’imprévu peut surgir.","21","1.0","True","{""changement"",""mouvement"",""adaptation""}","fr","1"
"3","toutes","travail","5","indifferent","indifferent","direct_doux","Clarifie rapidement une information : éviter le flou te protège.","21","1.0","True","{""changement"",""mouvement"",""adaptation""}","fr","1"
"3","toutes","travail","5","indifferent","indifferent","direct_doux","Évite de commencer trop de choses : choisis une priorité.","21","1.0","True","{""changement"",""mouvement"",""adaptation""}","fr","1"
"3","toutes","travail","5","indifferent","indifferent","direct_doux","Teste une nouvelle méthode : elle peut te faire gagner du temps.","21","1.0","True","{""changement"",""mouvement"",""adaptation""}","fr","1"
"3","toutes","travail","5","indifferent","indifferent","direct_doux","Réponds vite aux urgences, puis reviens au calme.","21","1.0","True","{""changement"",""mouvement"",""adaptation""}","fr","1"
"3","toutes","travail","5","indifferent","indifferent","direct_doux","Ne décide pas sous pression : une pause rend plus lucide.","21","1.0","True","{""changement"",""mouvement"",""adaptation""}","fr","1"
"3","toutes","travail","5","indifferent","indifferent","direct_doux","Allège les réunions inutiles : efficacité = simplicité.","21","1.0","True","{""changement"",""mouvement"",""adaptation""}","fr","1"
"3","toutes","argent","5","indifferent","indifferent","direct_doux","Évite le risque et les paris : prudence sur les décisions rapides.","21","1.0","True","{""changement"",""mouvement"",""adaptation""}","fr","1"
"3","toutes","argent","5","indifferent","indifferent","direct_doux","Surveille les dépenses impulsives : nouveauté ne doit pas devenir fuite.","21","1.0","True","{""changement"",""mouvement"",""adaptation""}","fr","1"
"3","toutes","argent","5","indifferent","indifferent","direct_doux","Si une opportunité apparaît, vérifie les détails avant d’accepter.","21","1.0","True","{""changement"",""mouvement"",""adaptation""}","fr","1"
"3","toutes","argent","5","indifferent","indifferent","direct_doux","Garde un budget flexible : mais avec une limite claire.","21","1.0","True","{""changement"",""mouvement"",""adaptation""}","fr","1"
"3","toutes","argent","5","indifferent","indifferent","direct_doux","Ne prête pas sous urgence : clarifie les conditions.","21","1.0","True","{""changement"",""mouvement"",""adaptation""}","fr","1"
"3","toutes","argent","5","indifferent","indifferent","direct_doux","Évite les achats “pour te consoler” : respire, puis choisis.","21","1.0","True","{""changement"",""mouvement"",""adaptation""}","fr","1"
"3","toutes","argent","5","indifferent","indifferent","direct_doux","Prévois une réserve : la souplesse vient de la sécurité.","21","1.0","True","{""changement"",""mouvement"",""adaptation""}","fr","1"
"3","toutes","argent","5","indifferent","indifferent","direct_doux","Si tu hésites, reporte : l’imprévu demande prudence.","21","1.0","True","{""changement"",""mouvement"",""adaptation""}","fr","1"
"3","toutes","argent","5","indifferent","indifferent","direct_doux","Fais un petit tri : élimine une dépense inutile.","21","1.0","True","{""changement"",""mouvement"",""adaptation""}","fr","1"
"3","toutes","sante","5","indifferent","indifferent","direct_doux","Bouge ton corps : marche, étirements, petit sport — ça stabilise l’émotion.","21","1.0","True","{""changement"",""mouvement"",""adaptation""}","fr","1"
"3","toutes","sante","5","indifferent","indifferent","direct_doux","Hydrate-toi : la nervosité baisse quand le corps est soutenu.","21","1.0","True","{""changement"",""mouvement"",""adaptation""}","fr","1"
"3","toutes","sante","5","indifferent","indifferent","direct_doux","Prends l’air : le mouvement clarifie l’esprit.","21","1.0","True","{""changement"",""mouvement"",""adaptation""}","fr","1"
"3","toutes","sante","5","indifferent","indifferent","direct_doux","Évite la surstimulation (écrans, bruit) : ton système se fatigue vite.","21","1.0","True","{""changement"",""mouvement"",""adaptation""}","fr","1"
"3","toutes","sante","5","indifferent","indifferent","direct_doux","Respire avant de répondre : l’impulsivité diminue.","21","1.0","True","{""changement"",""mouvement"",""adaptation""}","fr","1"
"3","toutes","sante","5","indifferent","indifferent","direct_doux","Mange léger : l’énergie devient plus stable.","21","1.0","True","{""changement"",""mouvement"",""adaptation""}","fr","1"
"3","toutes","sante","5","indifferent","indifferent","direct_doux","Dors suffisamment : sinon le stress augmente.","21","1.0","True","{""changement"",""mouvement"",""adaptation""}","fr","1"
"3","toutes","sante","5","indifferent","indifferent","direct_doux","Fais une pause courte mais réelle : 5 minutes sans téléphone.","21","1.0","True","{""changement"",""mouvement"",""adaptation""}","fr","1"
"3","toutes","sante","5","indifferent","indifferent","direct_doux","Évite les excès : ton corps demande équilibre.","21","1.0","True","{""changement"",""mouvement"",""adaptation""}","fr","1"
"3","toutes","feu","5","indifferent","indifferent","direct_doux","Décision de couple : orange — favorable aux ajustements, pas aux ruptures brusques.","21","1.0","True","{""changement"",""mouvement"",""adaptation""}","fr","1"
"3","toutes","feu","5","indifferent","indifferent","direct_doux","Décision de couple : orange — discute avant de changer les plans.","21","1.0","True","{""changement"",""mouvement"",""adaptation""}","fr","1"
"3","toutes","feu","5","indifferent","indifferent","direct_doux","Décision de couple : orange — prudence sur l’impulsivité; calme d’abord.","21","1.0","True","{""changement"",""mouvement"",""adaptation""}","fr","1"
"3","toutes","feu","5","indifferent","indifferent","direct_doux","Décision de couple : vert — une nouveauté légère peut faire du bien si elle est partagée.","21","1.0","True","{""changement"",""mouvement"",""adaptation""}","fr","1"
"3","toutes","feu","5","indifferent","indifferent","direct_doux","Décision de couple : vert — bon moment pour bouger ensemble et relancer l’énergie.","21","1.0","True","{""changement"",""mouvement"",""adaptation""}","fr","1"
"3","toutes","feu","5","indifferent","indifferent","direct_doux","Décision de couple : rouge — évite les décisions à chaud et les mots tranchants.","21","1.0","True","{""changement"",""mouvement"",""adaptation""}","fr","1"
"3","toutes","feu","5","indifferent","indifferent","direct_doux","Décision de couple : rouge — ne promets pas ce que tu ne peux pas tenir.","21","1.0","True","{""changement"",""mouvement"",""adaptation""}","fr","1"
"3","toutes","acte","6","indifferent","indifferent","direct_doux","Fais un geste concret de soin envers {partner} : aide, présence, attention.","21","1.0","True","{""harmonie"",""amour"",""responsabilité""}","fr","1"
"3","toutes","acte","6","indifferent","indifferent","direct_doux","Exprime ton attachement simplement : une phrase tendre vaut beaucoup.","21","1.0","True","{""harmonie"",""amour"",""responsabilité""}","fr","1"
"3","toutes","acte","6","indifferent","indifferent","direct_doux","Crée un moment de calme à deux : repas, marche, parole douce.","21","1.0","True","{""harmonie"",""amour"",""responsabilité""}","fr","1"
"3","toutes","acte","6","indifferent","indifferent","direct_doux","Règle une tension par bienveillance : demande claire, ton respectueux.","21","1.0","True","{""harmonie"",""amour"",""responsabilité""}","fr","1"
"3","toutes","acte","6","indifferent","indifferent","direct_doux","Améliore un détail du confort commun : cela apaise naturellement.","21","1.0","True","{""harmonie"",""amour"",""responsabilité""}","fr","1"
"3","toutes","acte","6","indifferent","indifferent","direct_doux","Pratique la gratitude : dis merci pour une chose précise chez {partner}.","21","1.0","True","{""harmonie"",""amour"",""responsabilité""}","fr","1"
"3","toutes","acte","6","indifferent","indifferent","direct_doux","Pose une limite douce : aimer n’est pas se sacrifier.","21","1.0","True","{""harmonie"",""amour"",""responsabilité""}","fr","1"
"3","toutes","acte","6","indifferent","indifferent","direct_doux","Partage une responsabilité équitablement : la paix vient du juste.","21","1.0","True","{""harmonie"",""amour"",""responsabilité""}","fr","1"
"3","toutes","acte","6","indifferent","indifferent","direct_doux","Offre une écoute réelle : pas d’interruption, pas de jugement.","21","1.0","True","{""harmonie"",""amour"",""responsabilité""}","fr","1"
"3","toutes","acte","6","indifferent","indifferent","direct_doux","Fais une réconciliation simple : « on se comprend, on avance ».","21","1.0","True","{""harmonie"",""amour"",""responsabilité""}","fr","1"
"3","toutes","acte","6","indifferent","indifferent","direct_doux","Réserve un temps de qualité : 15 minutes ensemble, sans distraction.","21","1.0","True","{""harmonie"",""amour"",""responsabilité""}","fr","1"
"3","toutes","acte","6","indifferent","indifferent","direct_doux","Soutiens {partner} sur un point important, sans diriger.","21","1.0","True","{""harmonie"",""amour"",""responsabilité""}","fr","1"
"3","toutes","acte","6","indifferent","indifferent","direct_doux","Rends le foyer plus paisible : ordre léger, ambiance douce.","21","1.0","True","{""harmonie"",""amour"",""responsabilité""}","fr","1"
"3","toutes","acte","6","indifferent","indifferent","direct_doux","Demande aussi du soutien : recevoir fait partie de l’équilibre.","21","1.0","True","{""harmonie"",""amour"",""responsabilité""}","fr","1"
"3","toutes","rituel","6","indifferent","indifferent","direct_doux","Main sur le cœur : « Je choisis l’amour responsable. »","21","1.0","True","{""harmonie"",""amour"",""responsabilité""}","fr","1"
"3","toutes","rituel","6","indifferent","indifferent","direct_doux","Respiration (4-6) une minute : « Je protège notre paix. »","21","1.0","True","{""harmonie"",""amour"",""responsabilité""}","fr","1"
"3","toutes","rituel","6","indifferent","indifferent","direct_doux","Bois un verre d’eau : « Je nourris la douceur. »","21","1.0","True","{""harmonie"",""amour"",""responsabilité""}","fr","1"
"3","toutes","rituel","6","indifferent","indifferent","direct_doux","Une courte prière/affirmation : « Que notre lien soit protégé et apaisé. »","21","1.0","True","{""harmonie"",""amour"",""responsabilité""}","fr","1"
"3","toutes","rituel","6","indifferent","indifferent","direct_doux","Écris 1 gratitude pour {partner}, puis garde-la en tête.","21","1.0","True","{""harmonie"",""amour"",""responsabilité""}","fr","1"
"3","toutes","rituel","6","indifferent","indifferent","direct_doux","Dis 3 fois : « Je donne avec cœur, je garde mes limites. »","21","1.0","True","{""harmonie"",""amour"",""responsabilité""}","fr","1"
"3","toutes","rituel","6","indifferent","indifferent","direct_doux","Une minute de silence : « Je choisis la bienveillance. »","21","1.0","True","{""harmonie"",""amour"",""responsabilité""}","fr","1"
"3","toutes","rituel","6","indifferent","indifferent","direct_doux","Allume une lumière : « Que la chaleur remplisse notre maison. »","21","1.0","True","{""harmonie"",""amour"",""responsabilité""}","fr","1"
"3","toutes","rituel","6","indifferent","indifferent","direct_doux","Avant de parler, respire : « Je parle avec tendresse. »","21","1.0","True","{""harmonie"",""amour"",""responsabilité""}","fr","1"
"3","toutes","rituel","6","indifferent","indifferent","direct_doux","Note une intention : « Je prends soin du lien aujourd’hui. »","21","1.0","True","{""harmonie"",""amour"",""responsabilité""}","fr","1"
"3","toutes","rituel","6","indifferent","indifferent","direct_doux","Répète : « Respect, douceur, équilibre. »","21","1.0","True","{""harmonie"",""amour"",""responsabilité""}","fr","1"
"3","toutes","rituel","6","indifferent","indifferent","direct_doux","Ferme les yeux : « Je relâche la jalousie, je garde la confiance. »","21","1.0","True","{""harmonie"",""amour"",""responsabilité""}","fr","1"
"3","toutes","rituel","6","indifferent","indifferent","direct_doux","Mains sur le ventre : « Je calme mon émotion, je protège mon cœur. »","21","1.0","True","{""harmonie"",""amour"",""responsabilité""}","fr","1"
"3","toutes","rituel","6","indifferent","indifferent","direct_doux","Remercie pour un moment de paix vécu récemment : « Merci. »","21","1.0","True","{""harmonie"",""amour"",""responsabilité""}","fr","1"
"3","toutes","couple","6","indifferent","indifferent","direct_doux","Privilégie la tendresse : les actes simples de soin font toute la différence.","21","1.0","True","{""harmonie"",""amour"",""responsabilité""}","fr","1"
"3","toutes","couple","6","indifferent","indifferent","direct_doux","Évite le contrôle : protéger le lien ne signifie pas diriger l’autre.","21","1.0","True","{""harmonie"",""amour"",""responsabilité""}","fr","1"
"3","toutes","couple","6","indifferent","indifferent","direct_doux","Exprime ton besoin sans reproche : demande claire, cœur doux.","21","1.0","True","{""harmonie"",""amour"",""responsabilité""}","fr","1"
"3","toutes","couple","6","indifferent","indifferent","direct_doux","Répartis la charge : quand c’est juste, la relation respire.","21","1.0","True","{""harmonie"",""amour"",""responsabilité""}","fr","1"
"3","toutes","couple","6","indifferent","indifferent","direct_doux","Si une tension monte, choisis la bienveillance avant la solution.","21","1.0","True","{""harmonie"",""amour"",""responsabilité""}","fr","1"
"3","toutes","couple","6","indifferent","indifferent","direct_doux","La gratitude nourrit l’amour : un merci sincère peut réparer beaucoup.","21","1.0","True","{""harmonie"",""amour"",""responsabilité""}","fr","1"
"3","toutes","couple","6","indifferent","indifferent","direct_doux","Garde tes limites : aimer ne doit pas t’épuiser.","21","1.0","True","{""harmonie"",""amour"",""responsabilité""}","fr","1"
"3","toutes","couple","6","indifferent","indifferent","direct_doux","Privilégie la paix du foyer : ambiance calme, paroles respectueuses.","21","1.0","True","{""harmonie"",""amour"",""responsabilité""}","fr","1"
"3","toutes","couple","6","indifferent","indifferent","direct_doux","Si {partner} est fatigué(e), offre du réconfort plutôt que des explications.","21","1.0","True","{""harmonie"",""amour"",""responsabilité""}","fr","1"
"3","toutes","couple","6","indifferent","indifferent","direct_doux","Un geste de présence vaut souvent plus qu’un discours.","21","1.0","True","{""harmonie"",""amour"",""responsabilité""}","fr","1"
"3","toutes","travail","6","indifferent","indifferent","direct_doux","Cherche l’équilibre : efficacité oui, mais sans sacrifier le lien.","21","1.0","True","{""harmonie"",""amour"",""responsabilité""}","fr","1"
"3","toutes","travail","6","indifferent","indifferent","direct_doux","Priorise une tâche utile, puis garde du temps pour le repos.","21","1.0","True","{""harmonie"",""amour"",""responsabilité""}","fr","1"
"3","toutes","travail","6","indifferent","indifferent","direct_doux","Travaille avec bienveillance : coopération et respect facilitent tout.","21","1.0","True","{""harmonie"",""amour"",""responsabilité""}","fr","1"
"3","toutes","travail","6","indifferent","indifferent","direct_doux","Évite la surcharge : ton énergie est précieuse.","21","1.0","True","{""harmonie"",""amour"",""responsabilité""}","fr","1"
"3","toutes","travail","6","indifferent","indifferent","direct_doux","Si tu dois négocier, garde un ton calme : fermeté douce.","21","1.0","True","{""harmonie"",""amour"",""responsabilité""}","fr","1"
"3","toutes","travail","6","indifferent","indifferent","direct_doux","Organise ton temps : stabilité = moins de stress.","21","1.0","True","{""harmonie"",""amour"",""responsabilité""}","fr","1"
"3","toutes","travail","6","indifferent","indifferent","direct_doux","Fais une chose à fond, puis arrête : le corps a besoin de pause.","21","1.0","True","{""harmonie"",""amour"",""responsabilité""}","fr","1"
"3","toutes","travail","6","indifferent","indifferent","direct_doux","Reste fiable : tenir parole au travail renforce la confiance.","21","1.0","True","{""harmonie"",""amour"",""responsabilité""}","fr","1"
"3","toutes","travail","6","indifferent","indifferent","direct_doux","Prends soin de tes relations professionnelles : respect et gratitude.","21","1.0","True","{""harmonie"",""amour"",""responsabilité""}","fr","1"
"3","toutes","argent","6","indifferent","indifferent","direct_doux","Privilégie les dépenses utiles au confort, sans excès : mesure = sécurité.","21","1.0","True","{""harmonie"",""amour"",""responsabilité""}","fr","1"
"3","toutes","argent","6","indifferent","indifferent","direct_doux","Évite d’acheter pour combler une émotion : respire, puis choisis.","21","1.0","True","{""harmonie"",""amour"",""responsabilité""}","fr","1"
"3","toutes","argent","6","indifferent","indifferent","direct_doux","Clarifie un budget familial : la transparence apaise.","21","1.0","True","{""harmonie"",""amour"",""responsabilité""}","fr","1"
"3","toutes","argent","6","indifferent","indifferent","direct_doux","Si tu aides financièrement, pose des limites claires.","21","1.0","True","{""harmonie"",""amour"",""responsabilité""}","fr","1"
"3","toutes","argent","6","indifferent","indifferent","direct_doux","Prévois une petite réserve : elle protège la paix du foyer.","21","1.0","True","{""harmonie"",""amour"",""responsabilité""}","fr","1"
"3","toutes","argent","6","indifferent","indifferent","direct_doux","Évite les dettes inutiles : la douceur aime la stabilité.","21","1.0","True","{""harmonie"",""amour"",""responsabilité""}","fr","1"
"3","toutes","argent","6","indifferent","indifferent","direct_doux","Partage les décisions d’argent avec {partner} : accord avant action.","21","1.0","True","{""harmonie"",""amour"",""responsabilité""}","fr","1"
"3","toutes","argent","6","indifferent","indifferent","direct_doux","Réduis une dépense “confort” excessive : tu gagneras en sérénité.","21","1.0","True","{""harmonie"",""amour"",""responsabilité""}","fr","1"
"3","toutes","argent","6","indifferent","indifferent","direct_doux","Investis dans ce qui renforce le lien : temps, santé, stabilité.","21","1.0","True","{""harmonie"",""amour"",""responsabilité""}","fr","1"
"3","toutes","sante","6","indifferent","indifferent","direct_doux","Prends du repos : l’amour devient plus doux quand le corps est apaisé.","21","1.0","True","{""harmonie"",""amour"",""responsabilité""}","fr","1"
"3","toutes","sante","6","indifferent","indifferent","direct_doux","Hydrate-toi et mange simple : ton humeur se stabilise.","21","1.0","True","{""harmonie"",""amour"",""responsabilité""}","fr","1"
"3","toutes","sante","6","indifferent","indifferent","direct_doux","Marche tranquillement : le calme revient vite.","21","1.0","True","{""harmonie"",""amour"",""responsabilité""}","fr","1"
"3","toutes","sante","6","indifferent","indifferent","direct_doux","Évite le stress prolongé : fais des pauses courtes mais réelles.","21","1.0","True","{""harmonie"",""amour"",""responsabilité""}","fr","1"
"3","toutes","sante","6","indifferent","indifferent","direct_doux","Respire avant de répondre : la douceur se choisit aussi dans le corps.","21","1.0","True","{""harmonie"",""amour"",""responsabilité""}","fr","1"
"3","toutes","sante","6","indifferent","indifferent","direct_doux","Un moment sans écran aide la tendresse à revenir.","21","1.0","True","{""harmonie"",""amour"",""responsabilité""}","fr","1"
"3","toutes","sante","6","indifferent","indifferent","direct_doux","Dors suffisamment : sinon la sensibilité devient irritabilité.","21","1.0","True","{""harmonie"",""amour"",""responsabilité""}","fr","1"
"3","toutes","sante","6","indifferent","indifferent","direct_doux","Étire-toi : corps relâché, cœur plus ouvert.","21","1.0","True","{""harmonie"",""amour"",""responsabilité""}","fr","1"
"3","toutes","sante","6","indifferent","indifferent","direct_doux","Prends soin de ton énergie : tu ne peux pas donner si tu es vide.","21","1.0","True","{""harmonie"",""amour"",""responsabilité""}","fr","1"
"3","toutes","feu","6","indifferent","indifferent","direct_doux","Décision de couple : vert — favorable aux réconciliations et à l’engagement doux.","21","1.0","True","{""harmonie"",""amour"",""responsabilité""}","fr","1"
"3","toutes","feu","6","indifferent","indifferent","direct_doux","Décision de couple : vert — bon moment pour construire la paix du foyer.","21","1.0","True","{""harmonie"",""amour"",""responsabilité""}","fr","1"
"3","toutes","feu","6","indifferent","indifferent","direct_doux","Décision de couple : orange — discute des besoins avant de décider; équilibre donner/recevoir.","21","1.0","True","{""harmonie"",""amour"",""responsabilité""}","fr","1"
"3","toutes","feu","6","indifferent","indifferent","direct_doux","Décision de couple : orange — évite le contrôle; cherche l’accord.","21","1.0","True","{""harmonie"",""amour"",""responsabilité""}","fr","1"
"3","toutes","feu","6","indifferent","indifferent","direct_doux","Décision de couple : orange — une étape suffit; pas tout en une fois.","21","1.0","True","{""harmonie"",""amour"",""responsabilité""}","fr","1"
"3","toutes","feu","6","indifferent","indifferent","direct_doux","Décision de couple : rouge — évite la jalousie et les reproches passifs.","21","1.0","True","{""harmonie"",""amour"",""responsabilité""}","fr","1"
"3","toutes","feu","6","indifferent","indifferent","direct_doux","Décision de couple : rouge — ne décide pas sous culpabilité; garde tes limites.","21","1.0","True","{""harmonie"",""amour"",""responsabilité""}","fr","1"
"3","toutes","acte","7","indifferent","indifferent","direct_doux","Prends un temps de silence pour te recentrer avant une discussion importante.","21","1.0","True","{""recul"",""introspection"",""spiritualité""}","fr","1"
"3","toutes","acte","7","indifferent","indifferent","direct_doux","Pose une question vraie à {partner} et écoute sans chercher à répondre trop vite.","21","1.0","True","{""recul"",""introspection"",""spiritualité""}","fr","1"
"3","toutes","acte","7","indifferent","indifferent","direct_doux","Clarifie une intention intérieure : ce que tu veux vraiment, sans te mentir.","21","1.0","True","{""recul"",""introspection"",""spiritualité""}","fr","1"
"3","toutes","acte","7","indifferent","indifferent","direct_doux","Écris ce que tu ressens en 5 lignes, puis garde l’essentiel pour le dialogue.","21","1.0","True","{""recul"",""introspection"",""spiritualité""}","fr","1"
"3","toutes","acte","7","indifferent","indifferent","direct_doux","Rassure {partner} par un signe de présence, même si tu as besoin de recul.","21","1.0","True","{""recul"",""introspection"",""spiritualité""}","fr","1"
"3","toutes","acte","7","indifferent","indifferent","direct_doux","Choisis une pause plutôt qu’un débat : revenir au calme protège le lien.","21","1.0","True","{""recul"",""introspection"",""spiritualité""}","fr","1"
"3","toutes","acte","7","indifferent","indifferent","direct_doux","Fais un acte de sagesse : différer une décision qui demande maturité.","21","1.0","True","{""recul"",""introspection"",""spiritualité""}","fr","1"
"3","toutes","acte","7","indifferent","indifferent","direct_doux","Propose un moment calme à deux : marche, silence, prière, respiration.","21","1.0","True","{""recul"",""introspection"",""spiritualité""}","fr","1"
"3","toutes","acte","7","indifferent","indifferent","direct_doux","Dis une vérité simple avec douceur : peu de mots, mais justes.","21","1.0","True","{""recul"",""introspection"",""spiritualité""}","fr","1"
"3","toutes","acte","7","indifferent","indifferent","direct_doux","Évite la suspicion : reviens aux faits, puis à la paix.","21","1.0","True","{""recul"",""introspection"",""spiritualité""}","fr","1"
"3","toutes","acte","7","indifferent","indifferent","direct_doux","Choisis une action discrète mais alignée : conclure un point, sans bruit.","21","1.0","True","{""recul"",""introspection"",""spiritualité""}","fr","1"
"3","toutes","acte","7","indifferent","indifferent","direct_doux","Demande du temps pour réfléchir : « je reviens vers toi après ».","21","1.0","True","{""recul"",""introspection"",""spiritualité""}","fr","1"
"3","toutes","acte","7","indifferent","indifferent","direct_doux","Prends soin de ton esprit : lis, médite, ou écris, puis reviens au lien.","21","1.0","True","{""recul"",""introspection"",""spiritualité""}","fr","1"
"3","toutes","acte","7","indifferent","indifferent","direct_doux","Fais une gratitude intérieure pour {partner} : ça change ton regard.","21","1.0","True","{""recul"",""introspection"",""spiritualité""}","fr","1"
"3","toutes","rituel","7","indifferent","indifferent","direct_doux","60 secondes de silence : « Je choisis la paix intérieure. »","21","1.0","True","{""recul"",""introspection"",""spiritualité""}","fr","1"
"3","toutes","rituel","7","indifferent","indifferent","direct_doux","Respiration (4-6) une minute : « Je retrouve la lucidité. »","21","1.0","True","{""recul"",""introspection"",""spiritualité""}","fr","1"
"3","toutes","rituel","7","indifferent","indifferent","direct_doux","Une courte prière/affirmation : « Que la vérité se dise avec douceur. »","21","1.0","True","{""recul"",""introspection"",""spiritualité""}","fr","1"
"3","toutes","rituel","7","indifferent","indifferent","direct_doux","Main sur le cœur : « Je laisse partir la peur, je garde l’amour. »","21","1.0","True","{""recul"",""introspection"",""spiritualité""}","fr","1"
"3","toutes","rituel","7","indifferent","indifferent","direct_doux","Écris 1 intention : « Je comprends avant d’agir. »","21","1.0","True","{""recul"",""introspection"",""spiritualité""}","fr","1"
"3","toutes","rituel","7","indifferent","indifferent","direct_doux","Bois de l’eau lentement : « Je calme mon esprit. »","21","1.0","True","{""recul"",""introspection"",""spiritualité""}","fr","1"
"3","toutes","rituel","7","indifferent","indifferent","direct_doux","Ferme les yeux : « Mon intuition me guide avec sagesse. »","21","1.0","True","{""recul"",""introspection"",""spiritualité""}","fr","1"
"3","toutes","rituel","7","indifferent","indifferent","direct_doux","Répète 3 fois : « Calme, vérité, respect. »","21","1.0","True","{""recul"",""introspection"",""spiritualité""}","fr","1"
"3","toutes","rituel","7","indifferent","indifferent","direct_doux","Éteins les écrans 3 minutes : « Je reviens à moi. »","21","1.0","True","{""recul"",""introspection"",""spiritualité""}","fr","1"
"3","toutes","rituel","7","indifferent","indifferent","direct_doux","Visualise un échange paisible, puis dis : « Je parle avec calme. »","21","1.0","True","{""recul"",""introspection"",""spiritualité""}","fr","1"
"3","toutes","rituel","7","indifferent","indifferent","direct_doux","Une minute de gratitude : « Merci pour la leçon d’aujourd’hui. »","21","1.0","True","{""recul"",""introspection"",""spiritualité""}","fr","1"
"3","toutes","rituel","7","indifferent","indifferent","direct_doux","Avant de répondre, expire longuement : « Je ralentis. »","21","1.0","True","{""recul"",""introspection"",""spiritualité""}","fr","1"
"3","toutes","rituel","7","indifferent","indifferent","direct_doux","Note une question : « Qu’est-ce qui est essentiel ici ? »","21","1.0","True","{""recul"",""introspection"",""spiritualité""}","fr","1"
"3","toutes","rituel","7","indifferent","indifferent","direct_doux","Dis : « Je choisis la patience active. »","21","1.0","True","{""recul"",""introspection"",""spiritualité""}","fr","1"
"3","toutes","couple","7","indifferent","indifferent","direct_doux","Respecte le besoin de recul : rassurer {partner} évite les interprétations.","21","1.0","True","{""recul"",""introspection"",""spiritualité""}","fr","1"
"3","toutes","couple","7","indifferent","indifferent","direct_doux","Évite le silence punitif : une présence simple protège la confiance.","21","1.0","True","{""recul"",""introspection"",""spiritualité""}","fr","1"
"3","toutes","couple","7","indifferent","indifferent","direct_doux","Choisis la vérité posée : peu de mots, mais justes.","21","1.0","True","{""recul"",""introspection"",""spiritualité""}","fr","1"
"3","toutes","couple","7","indifferent","indifferent","direct_doux","Ne nourris pas les soupçons : reviens aux faits et au respect.","21","1.0","True","{""recul"",""introspection"",""spiritualité""}","fr","1"
"3","toutes","couple","7","indifferent","indifferent","direct_doux","Si l’émotion monte, prends une pause; la profondeur demande calme.","21","1.0","True","{""recul"",""introspection"",""spiritualité""}","fr","1"
"3","toutes","couple","7","indifferent","indifferent","direct_doux","Reste tendre, même dans la réflexion : la distance n’est pas le mépris.","21","1.0","True","{""recul"",""introspection"",""spiritualité""}","fr","1"
"3","toutes","couple","7","indifferent","indifferent","direct_doux","Une question sincère vaut mieux qu’une analyse interminable.","21","1.0","True","{""recul"",""introspection"",""spiritualité""}","fr","1"
"3","toutes","couple","7","indifferent","indifferent","direct_doux","Évite les décisions irréversibles : le temps clarifie beaucoup.","21","1.0","True","{""recul"",""introspection"",""spiritualité""}","fr","1"
"3","toutes","couple","7","indifferent","indifferent","direct_doux","Cherche la sagesse : comprendre l’autre avant de conclure.","21","1.0","True","{""recul"",""introspection"",""spiritualité""}","fr","1"
"3","toutes","couple","7","indifferent","indifferent","direct_doux","Garde un canal ouvert : un message bref suffit parfois.","21","1.0","True","{""recul"",""introspection"",""spiritualité""}","fr","1"
"3","toutes","travail","7","indifferent","indifferent","direct_doux","Privilégie l’analyse et la préparation : comprendre avant d’exécuter.","21","1.0","True","{""recul"",""introspection"",""spiritualité""}","fr","1"
"3","toutes","travail","7","indifferent","indifferent","direct_doux","Évite la précipitation : la qualité vient du calme.","21","1.0","True","{""recul"",""introspection"",""spiritualité""}","fr","1"
"3","toutes","travail","7","indifferent","indifferent","direct_doux","Travaille sur un point de fond : recherche, plan, apprentissage.","21","1.0","True","{""recul"",""introspection"",""spiritualité""}","fr","1"
"3","toutes","travail","7","indifferent","indifferent","direct_doux","Relis, vérifie, puis envoie : rigueur et précision.","21","1.0","True","{""recul"",""introspection"",""spiritualité""}","fr","1"
"3","toutes","travail","7","indifferent","indifferent","direct_doux","Si tu dois décider, prends une pause avant : lucidité d’abord.","21","1.0","True","{""recul"",""introspection"",""spiritualité""}","fr","1"
"3","toutes","travail","7","indifferent","indifferent","direct_doux","Réduis le bruit : une tâche profonde vaut mieux que dix petites.","21","1.0","True","{""recul"",""introspection"",""spiritualité""}","fr","1"
"3","toutes","travail","7","indifferent","indifferent","direct_doux","Pose une bonne question : elle te fera gagner du temps.","21","1.0","True","{""recul"",""introspection"",""spiritualité""}","fr","1"
"3","toutes","travail","7","indifferent","indifferent","direct_doux","Garde une trace écrite : notes, liste, synthèse.","21","1.0","True","{""recul"",""introspection"",""spiritualité""}","fr","1"
"3","toutes","travail","7","indifferent","indifferent","direct_doux","Protège ton temps : moins de distraction, plus de clarté.","21","1.0","True","{""recul"",""introspection"",""spiritualité""}","fr","1"
"3","toutes","argent","7","indifferent","indifferent","direct_doux","Évite les investissements risqués : prudence et réflexion avant engagement.","21","1.0","True","{""recul"",""introspection"",""spiritualité""}","fr","1"
"3","toutes","argent","7","indifferent","indifferent","direct_doux","Vérifie les détails : contrat, prix, conditions, délais.","21","1.0","True","{""recul"",""introspection"",""spiritualité""}","fr","1"
"3","toutes","argent","7","indifferent","indifferent","direct_doux","Si tu hésites, reporte : la lucidité revient vite.","21","1.0","True","{""recul"",""introspection"",""spiritualité""}","fr","1"
"3","toutes","argent","7","indifferent","indifferent","direct_doux","Privilégie l’épargne et la sécurité plutôt que le coup de chance.","21","1.0","True","{""recul"",""introspection"",""spiritualité""}","fr","1"
"3","toutes","argent","7","indifferent","indifferent","direct_doux","Évite les prêts impulsifs : pose des limites claires.","21","1.0","True","{""recul"",""introspection"",""spiritualité""}","fr","1"
"3","toutes","argent","7","indifferent","indifferent","direct_doux","Fais un audit simple : dépenses, fuites, abonnements.","21","1.0","True","{""recul"",""introspection"",""spiritualité""}","fr","1"
"3","toutes","argent","7","indifferent","indifferent","direct_doux","Garde une réserve : elle protège ta paix mentale.","21","1.0","True","{""recul"",""introspection"",""spiritualité""}","fr","1"
"3","toutes","argent","7","indifferent","indifferent","direct_doux","Ne mélange pas émotion et argent : chiffres d’abord.","21","1.0","True","{""recul"",""introspection"",""spiritualité""}","fr","1"
"3","toutes","argent","7","indifferent","indifferent","direct_doux","Si tu signes, relis deux fois : prudence = gain.","21","1.0","True","{""recul"",""introspection"",""spiritualité""}","fr","1"
"3","toutes","sante","7","indifferent","indifferent","direct_doux","Ralentis : ton mental se recharge dans le calme.","21","1.0","True","{""recul"",""introspection"",""spiritualité""}","fr","1"
"3","toutes","sante","7","indifferent","indifferent","direct_doux","Respire longuement : la tension baisse rapidement.","21","1.0","True","{""recul"",""introspection"",""spiritualité""}","fr","1"
"3","toutes","sante","7","indifferent","indifferent","direct_doux","Hydrate-toi : le cerveau a besoin d’eau pour être clair.","21","1.0","True","{""recul"",""introspection"",""spiritualité""}","fr","1"
"3","toutes","sante","7","indifferent","indifferent","direct_doux","Réduis les écrans : ton sommeil et ton humeur s’améliorent.","21","1.0","True","{""recul"",""introspection"",""spiritualité""}","fr","1"
"3","toutes","sante","7","indifferent","indifferent","direct_doux","Marche en silence : cela nettoie l’esprit.","21","1.0","True","{""recul"",""introspection"",""spiritualité""}","fr","1"
"3","toutes","sante","7","indifferent","indifferent","direct_doux","Mange léger : la clarté revient.","21","1.0","True","{""recul"",""introspection"",""spiritualité""}","fr","1"
"3","toutes","sante","7","indifferent","indifferent","direct_doux","Dors tôt si possible : la sagesse vient du repos.","21","1.0","True","{""recul"",""introspection"",""spiritualité""}","fr","1"
"3","toutes","sante","7","indifferent","indifferent","direct_doux","Fais une pause seule : 10 minutes sans stimulation.","21","1.0","True","{""recul"",""introspection"",""spiritualité""}","fr","1"
"3","toutes","sante","7","indifferent","indifferent","direct_doux","Étire-toi : le corps relâché aide le cœur.","21","1.0","True","{""recul"",""introspection"",""spiritualité""}","fr","1"
"3","toutes","feu","7","indifferent","indifferent","direct_doux","Décision de couple : orange — favorable à la réflexion; décider après un temps calme.","21","1.0","True","{""recul"",""introspection"",""spiritualité""}","fr","1"
"3","toutes","feu","7","indifferent","indifferent","direct_doux","Décision de couple : orange — discuter peu, mais vrai; pas de débat interminable.","21","1.0","True","{""recul"",""introspection"",""spiritualité""}","fr","1"
"3","toutes","feu","7","indifferent","indifferent","direct_doux","Décision de couple : orange — privilégie la pause et la sagesse.","21","1.0","True","{""recul"",""introspection"",""spiritualité""}","fr","1"
"3","toutes","feu","7","indifferent","indifferent","direct_doux","Décision de couple : vert — bon moment pour clarifier une intention et apaiser.","21","1.0","True","{""recul"",""introspection"",""spiritualité""}","fr","1"
"3","toutes","feu","7","indifferent","indifferent","direct_doux","Décision de couple : vert — une discussion courte et profonde est soutenue.","21","1.0","True","{""recul"",""introspection"",""spiritualité""}","fr","1"
"3","toutes","feu","7","indifferent","indifferent","direct_doux","Décision de couple : rouge — évite toute décision irréversible sous doute ou fatigue.","21","1.0","True","{""recul"",""introspection"",""spiritualité""}","fr","1"
"3","toutes","feu","7","indifferent","indifferent","direct_doux","Décision de couple : rouge — ne nourris pas les soupçons; reviens aux faits.","21","1.0","True","{""recul"",""introspection"",""spiritualité""}","fr","1"
"3","toutes","acte","8","indifferent","indifferent","direct_doux","Clarifie une priorité concrète et avance dessus avec discipline : petit pas, résultat réel.","21","1.0","True","{""résultats"",""ambition"",""finances""}","fr","1"
"3","toutes","acte","8","indifferent","indifferent","direct_doux","Mets au clair un accord avec {partner} : responsabilités, temps, argent, objectifs.","21","1.0","True","{""résultats"",""ambition"",""finances""}","fr","1"
"3","toutes","acte","8","indifferent","indifferent","direct_doux","Fais une action qui renforce la stabilité financière : budget, facture, plan, épargne.","21","1.0","True","{""résultats"",""ambition"",""finances""}","fr","1"
"3","toutes","acte","8","indifferent","indifferent","direct_doux","Pose une limite saine : dire non avec respect protège le couple et ton énergie.","21","1.0","True","{""résultats"",""ambition"",""finances""}","fr","1"
"3","toutes","acte","8","indifferent","indifferent","direct_doux","Prends une décision pratique qui enlève un poids : régler, organiser, confirmer.","21","1.0","True","{""résultats"",""ambition"",""finances""}","fr","1"
"3","toutes","acte","8","indifferent","indifferent","direct_doux","Partage le pouvoir : demande l’avis de {partner} avant une décision importante.","21","1.0","True","{""résultats"",""ambition"",""finances""}","fr","1"
"3","toutes","acte","8","indifferent","indifferent","direct_doux","Définis un objectif commun et une étape claire pour y parvenir.","21","1.0","True","{""résultats"",""ambition"",""finances""}","fr","1"
"3","toutes","acte","8","indifferent","indifferent","direct_doux","Règle une situation matérielle en transparence : moins de flou, moins de tension.","21","1.0","True","{""résultats"",""ambition"",""finances""}","fr","1"
"3","toutes","acte","8","indifferent","indifferent","direct_doux","Choisis l’équité : une répartition juste apaise.","21","1.0","True","{""résultats"",""ambition"",""finances""}","fr","1"
"3","toutes","acte","8","indifferent","indifferent","direct_doux","Fais une démarche professionnelle importante : appeler, négocier, finaliser.","21","1.0","True","{""résultats"",""ambition"",""finances""}","fr","1"
"3","toutes","acte","8","indifferent","indifferent","direct_doux","Protége ton temps : coupe une distraction et concentre-toi.","21","1.0","True","{""résultats"",""ambition"",""finances""}","fr","1"
"3","toutes","acte","8","indifferent","indifferent","direct_doux","Met fin à une procrastination : action utile maintenant.","21","1.0","True","{""résultats"",""ambition"",""finances""}","fr","1"
"3","toutes","acte","8","indifferent","indifferent","direct_doux","Clarifie un budget de couple et fixez une règle simple à suivre.","21","1.0","True","{""résultats"",""ambition"",""finances""}","fr","1"
"3","toutes","acte","8","indifferent","indifferent","direct_doux","Agis avec justice : ferme sur l’objectif, doux sur la manière.","21","1.0","True","{""résultats"",""ambition"",""finances""}","fr","1"
"3","toutes","rituel","8","indifferent","indifferent","direct_doux","Respiration (4-6) une minute : « Je choisis l’équité et la clarté. »","21","1.0","True","{""résultats"",""ambition"",""finances""}","fr","1"
"3","toutes","rituel","8","indifferent","indifferent","direct_doux","Main sur le cœur : « Mon pouvoir est calme et juste. »","21","1.0","True","{""résultats"",""ambition"",""finances""}","fr","1"
"3","toutes","rituel","8","indifferent","indifferent","direct_doux","Bois un verre d’eau : « Je protège mes ressources. »","21","1.0","True","{""résultats"",""ambition"",""finances""}","fr","1"
"3","toutes","rituel","8","indifferent","indifferent","direct_doux","Une courte prière/affirmation : « Que mon travail soit béni et mes décisions justes. »","21","1.0","True","{""résultats"",""ambition"",""finances""}","fr","1"
"3","toutes","rituel","8","indifferent","indifferent","direct_doux","Écris 1 objectif concret, puis dis : « Je fais la prochaine étape. »","21","1.0","True","{""résultats"",""ambition"",""finances""}","fr","1"
"3","toutes","rituel","8","indifferent","indifferent","direct_doux","Répète 3 fois : « Discipline, justice, résultat. »","21","1.0","True","{""résultats"",""ambition"",""finances""}","fr","1"
"3","toutes","rituel","8","indifferent","indifferent","direct_doux","Ferme les yeux : « Je garde la maîtrise de mes réactions. »","21","1.0","True","{""résultats"",""ambition"",""finances""}","fr","1"
"3","toutes","rituel","8","indifferent","indifferent","direct_doux","Une minute sans écran : « Je reviens à mes priorités. »","21","1.0","True","{""résultats"",""ambition"",""finances""}","fr","1"
"3","toutes","rituel","8","indifferent","indifferent","direct_doux","Visualise un accord équilibré, puis dis : « Je choisis l’équité. »","21","1.0","True","{""résultats"",""ambition"",""finances""}","fr","1"
"3","toutes","rituel","8","indifferent","indifferent","direct_doux","Avant une décision, expire longuement : « Je décide à tête froide. »","21","1.0","True","{""résultats"",""ambition"",""finances""}","fr","1"
"3","toutes","rituel","8","indifferent","indifferent","direct_doux","Note 3 dépenses inutiles à couper : « Je reprends le contrôle. »","21","1.0","True","{""résultats"",""ambition"",""finances""}","fr","1"
"3","toutes","rituel","8","indifferent","indifferent","direct_doux","Allume une lumière : « Clarté dans l’argent, clarté dans le couple. »","21","1.0","True","{""résultats"",""ambition"",""finances""}","fr","1"
"3","toutes","rituel","8","indifferent","indifferent","direct_doux","Dis : « Je construis sans dominer. »","21","1.0","True","{""résultats"",""ambition"",""finances""}","fr","1"
"3","toutes","rituel","8","indifferent","indifferent","direct_doux","Une minute de gratitude : « Merci pour les ressources que je gère. »","21","1.0","True","{""résultats"",""ambition"",""finances""}","fr","1"
"3","toutes","couple","8","indifferent","indifferent","direct_doux","Privilégie l’équité : partager responsabilités et décisions évite le rapport de force.","21","1.0","True","{""résultats"",""ambition"",""finances""}","fr","1"
"3","toutes","couple","8","indifferent","indifferent","direct_doux","Évite la dureté : l’efficacité peut rester humaine.","21","1.0","True","{""résultats"",""ambition"",""finances""}","fr","1"
"3","toutes","couple","8","indifferent","indifferent","direct_doux","Clarifie les accords : le flou crée des tensions, la transparence protège.","21","1.0","True","{""résultats"",""ambition"",""finances""}","fr","1"
"3","toutes","couple","8","indifferent","indifferent","direct_doux","Sépare émotion et décision matérielle : calmer d’abord, décider ensuite.","21","1.0","True","{""résultats"",""ambition"",""finances""}","fr","1"
"3","toutes","couple","8","indifferent","indifferent","direct_doux","Inclure {partner} dans les choix importants renforce la confiance.","21","1.0","True","{""résultats"",""ambition"",""finances""}","fr","1"
"3","toutes","couple","8","indifferent","indifferent","direct_doux","Une limite saine posée calmement protège l’amour.","21","1.0","True","{""résultats"",""ambition"",""finances""}","fr","1"
"3","toutes","couple","8","indifferent","indifferent","direct_doux","Ne cherche pas à gagner : cherche une solution utile pour vous deux.","21","1.0","True","{""résultats"",""ambition"",""finances""}","fr","1"
"3","toutes","couple","8","indifferent","indifferent","direct_doux","Reconnais l’effort de {partner} : cela apaise l’ambition.","21","1.0","True","{""résultats"",""ambition"",""finances""}","fr","1"
"3","toutes","couple","8","indifferent","indifferent","direct_doux","Garde la dignité : pas de mépris, pas d’humiliation.","21","1.0","True","{""résultats"",""ambition"",""finances""}","fr","1"
"3","toutes","couple","8","indifferent","indifferent","direct_doux","Choisis la stabilité : priorités communes et règles simples.","21","1.0","True","{""résultats"",""ambition"",""finances""}","fr","1"
"3","toutes","travail","8","indifferent","indifferent","direct_doux","Avance sur un dossier concret : résultats et responsabilités sont favorisés.","21","1.0","True","{""résultats"",""ambition"",""finances""}","fr","1"
"3","toutes","travail","8","indifferent","indifferent","direct_doux","Clarifie tes priorités : ce qui rapporte et ce qui protège d’abord.","21","1.0","True","{""résultats"",""ambition"",""finances""}","fr","1"
"3","toutes","travail","8","indifferent","indifferent","direct_doux","Négocie avec justice : ferme sur le fond, doux sur la forme.","21","1.0","True","{""résultats"",""ambition"",""finances""}","fr","1"
"3","toutes","travail","8","indifferent","indifferent","direct_doux","Évite la surcharge : performance sans repos mène à l’erreur.","21","1.0","True","{""résultats"",""ambition"",""finances""}","fr","1"
"3","toutes","travail","8","indifferent","indifferent","direct_doux","Mets des chiffres et des faits : décision claire, action claire.","21","1.0","True","{""résultats"",""ambition"",""finances""}","fr","1"
"3","toutes","travail","8","indifferent","indifferent","direct_doux","Finalise une étape importante : clôture = gain.","21","1.0","True","{""résultats"",""ambition"",""finances""}","fr","1"
"3","toutes","travail","8","indifferent","indifferent","direct_doux","Structure ton temps : discipline = puissance.","21","1.0","True","{""résultats"",""ambition"",""finances""}","fr","1"
"3","toutes","travail","8","indifferent","indifferent","direct_doux","Coupe une distraction : ton focus est ton capital.","21","1.0","True","{""résultats"",""ambition"",""finances""}","fr","1"
"3","toutes","travail","8","indifferent","indifferent","direct_doux","Agis avec stratégie : anticiper vaut mieux que réparer.","21","1.0","True","{""résultats"",""ambition"",""finances""}","fr","1"
"3","toutes","argent","8","indifferent","indifferent","direct_doux","Prends tes décisions d’argent avec chiffres clairs : pas sur émotion.","21","1.0","True","{""résultats"",""ambition"",""finances""}","fr","1"
"3","toutes","argent","8","indifferent","indifferent","direct_doux","Évite les risques inutiles : prudence et transparence.","21","1.0","True","{""résultats"",""ambition"",""finances""}","fr","1"
"3","toutes","argent","8","indifferent","indifferent","direct_doux","Clarifie un budget et respecte une règle simple.","21","1.0","True","{""résultats"",""ambition"",""finances""}","fr","1"
"3","toutes","argent","8","indifferent","indifferent","direct_doux","Si tu investis, vérifie conditions et délais : rigueur.","21","1.0","True","{""résultats"",""ambition"",""finances""}","fr","1"
"3","toutes","argent","8","indifferent","indifferent","direct_doux","Réduis une dépense superflue : c’est un gain immédiat.","21","1.0","True","{""résultats"",""ambition"",""finances""}","fr","1"
"3","toutes","argent","8","indifferent","indifferent","direct_doux","Évite les dettes pour l’image : la stabilité d’abord.","21","1.0","True","{""résultats"",""ambition"",""finances""}","fr","1"
"3","toutes","argent","8","indifferent","indifferent","direct_doux","Parle d’argent avec {partner} calmement : accord avant action.","21","1.0","True","{""résultats"",""ambition"",""finances""}","fr","1"
"3","toutes","argent","8","indifferent","indifferent","direct_doux","Range tes finances : factures, échéances, priorités.","21","1.0","True","{""résultats"",""ambition"",""finances""}","fr","1"
"3","toutes","argent","8","indifferent","indifferent","direct_doux","Garde une réserve : elle protège le couple.","21","1.0","True","{""résultats"",""ambition"",""finances""}","fr","1"
"3","toutes","sante","8","indifferent","indifferent","direct_doux","Protège ton énergie : repos et discipline évitent le burn-out.","21","1.0","True","{""résultats"",""ambition"",""finances""}","fr","1"
"3","toutes","sante","8","indifferent","indifferent","direct_doux","Hydrate-toi et respire : la pression baisse.","21","1.0","True","{""résultats"",""ambition"",""finances""}","fr","1"
"3","toutes","sante","8","indifferent","indifferent","direct_doux","Fais une pause active : marche 10 minutes pour relâcher la tension.","21","1.0","True","{""résultats"",""ambition"",""finances""}","fr","1"
"3","toutes","sante","8","indifferent","indifferent","direct_doux","Mange de façon stable : éviter les excès aide ton humeur.","21","1.0","True","{""résultats"",""ambition"",""finances""}","fr","1"
"3","toutes","sante","8","indifferent","indifferent","direct_doux","Fixe une limite travail : ton corps a besoin de récupération.","21","1.0","True","{""résultats"",""ambition"",""finances""}","fr","1"
"3","toutes","sante","8","indifferent","indifferent","direct_doux","Étire-toi : relâcher le corps relâche le mental.","21","1.0","True","{""résultats"",""ambition"",""finances""}","fr","1"
"3","toutes","sante","8","indifferent","indifferent","direct_doux","Réduis café/sucre si tu es tendu(e) : calme plus vite.","21","1.0","True","{""résultats"",""ambition"",""finances""}","fr","1"
"3","toutes","sante","8","indifferent","indifferent","direct_doux","Dors suffisamment : performance = repos.","21","1.0","True","{""résultats"",""ambition"",""finances""}","fr","1"
"3","toutes","sante","8","indifferent","indifferent","direct_doux","Respire avant de parler : puissance calme.","21","1.0","True","{""résultats"",""ambition"",""finances""}","fr","1"
"3","toutes","feu","8","indifferent","indifferent","direct_doux","Décision de couple : vert — favorable aux accords clairs et aux décisions concrètes justes.","21","1.0","True","{""résultats"",""ambition"",""finances""}","fr","1"
"3","toutes","feu","8","indifferent","indifferent","direct_doux","Décision de couple : vert — bon moment pour organiser, sécuriser, planifier ensemble.","21","1.0","True","{""résultats"",""ambition"",""finances""}","fr","1"
"3","toutes","feu","8","indifferent","indifferent","direct_doux","Décision de couple : orange — discute des responsabilités avant de trancher; équité d’abord.","21","1.0","True","{""résultats"",""ambition"",""finances""}","fr","1"
"3","toutes","feu","8","indifferent","indifferent","direct_doux","Décision de couple : orange — prudence sur le rapport de force; baisse le ton.","21","1.0","True","{""résultats"",""ambition"",""finances""}","fr","1"
"3","toutes","feu","8","indifferent","indifferent","direct_doux","Décision de couple : orange — sépare émotion et argent; décide à tête froide.","21","1.0","True","{""résultats"",""ambition"",""finances""}","fr","1"
"3","toutes","feu","8","indifferent","indifferent","direct_doux","Décision de couple : rouge — évite toute domination ou humiliation.","21","1.0","True","{""résultats"",""ambition"",""finances""}","fr","1"
"3","toutes","feu","8","indifferent","indifferent","direct_doux","Décision de couple : rouge — ne décide pas sous colère; pause et reprise.","21","1.0","True","{""résultats"",""ambition"",""finances""}","fr","1"
"3","toutes","acte","9","indifferent","indifferent","direct_doux","Termine un dossier en attente : conclure proprement libère l’esprit.","21","1.0","True","{""bilan"",""libération"",""transition""}","fr","1"
"3","toutes","acte","9","indifferent","indifferent","direct_doux","Choisis une libération : pardonner, lâcher une rancœur, ou clarifier un non-dit.","21","1.0","True","{""bilan"",""libération"",""transition""}","fr","1"
"3","toutes","acte","9","indifferent","indifferent","direct_doux","Fais un geste de paix envers {partner} : une parole simple peut réparer beaucoup.","21","1.0","True","{""bilan"",""libération"",""transition""}","fr","1"
"3","toutes","acte","9","indifferent","indifferent","direct_doux","Fais le tri : ce qui n’a plus sa place, tu le laisses partir.","21","1.0","True","{""bilan"",""libération"",""transition""}","fr","1"
"3","toutes","acte","9","indifferent","indifferent","direct_doux","Conclue une discussion avec respect : pas de drame, juste la vérité.","21","1.0","True","{""bilan"",""libération"",""transition""}","fr","1"
"3","toutes","acte","9","indifferent","indifferent","direct_doux","Écris ce que tu veux laisser derrière toi, puis garde l’essentiel pour avancer.","21","1.0","True","{""bilan"",""libération"",""transition""}","fr","1"
"3","toutes","acte","9","indifferent","indifferent","direct_doux","Demande pardon si nécessaire, sans te justifier : sincérité et maturité.","21","1.0","True","{""bilan"",""libération"",""transition""}","fr","1"
"3","toutes","acte","9","indifferent","indifferent","direct_doux","Rends un service ou une aide utile : compassion en acte.","21","1.0","True","{""bilan"",""libération"",""transition""}","fr","1"
"3","toutes","acte","9","indifferent","indifferent","direct_doux","Fais une décision de clôture : arrêter une habitude qui abîme la relation.","21","1.0","True","{""bilan"",""libération"",""transition""}","fr","1"
"3","toutes","acte","9","indifferent","indifferent","direct_doux","Choisis la paix : une conclusion juste vaut mieux qu’une victoire d’ego.","21","1.0","True","{""bilan"",""libération"",""transition""}","fr","1"
"3","toutes","acte","9","indifferent","indifferent","direct_doux","Finalise une tâche, puis repose-toi : clôture + récupération.","21","1.0","True","{""bilan"",""libération"",""transition""}","fr","1"
"3","toutes","acte","9","indifferent","indifferent","direct_doux","Fais une gratitude envers {partner}, même si tout n’est pas parfait.","21","1.0","True","{""bilan"",""libération"",""transition""}","fr","1"
"3","toutes","acte","9","indifferent","indifferent","direct_doux","Laisse retomber l’émotion avant de conclure un sujet important.","21","1.0","True","{""bilan"",""libération"",""transition""}","fr","1"
"3","toutes","acte","9","indifferent","indifferent","direct_doux","Garde l’essentiel : une étape se ferme, une autre s’ouvre.","21","1.0","True","{""bilan"",""libération"",""transition""}","fr","1"
"3","toutes","rituel","9","indifferent","indifferent","direct_doux","Respiration (4-6) une minute : « Je laisse partir ce qui pèse. »","21","1.0","True","{""bilan"",""libération"",""transition""}","fr","1"
"3","toutes","rituel","9","indifferent","indifferent","direct_doux","Main sur le cœur : « Je choisis la paix et la maturité. »","21","1.0","True","{""bilan"",""libération"",""transition""}","fr","1"
"3","toutes","rituel","9","indifferent","indifferent","direct_doux","Une courte prière/affirmation : « Que je sois libéré(e) de la rancœur. »","21","1.0","True","{""bilan"",""libération"",""transition""}","fr","1"
"3","toutes","rituel","9","indifferent","indifferent","direct_doux","Écris 1 chose à pardonner, puis dis : « Je me libère. »","21","1.0","True","{""bilan"",""libération"",""transition""}","fr","1"
"3","toutes","rituel","9","indifferent","indifferent","direct_doux","Bois un verre d’eau : « Je nettoie mon cœur. »","21","1.0","True","{""bilan"",""libération"",""transition""}","fr","1"
"3","toutes","rituel","9","indifferent","indifferent","direct_doux","Une minute de gratitude : « Merci pour la leçon et la force. »","21","1.0","True","{""bilan"",""libération"",""transition""}","fr","1"
"3","toutes","rituel","9","indifferent","indifferent","direct_doux","Ferme les yeux : « Je garde l’essentiel, je laisse le reste. »","21","1.0","True","{""bilan"",""libération"",""transition""}","fr","1"
"3","toutes","rituel","9","indifferent","indifferent","direct_doux","Répète 3 fois : « Pardon, paix, progression. »","21","1.0","True","{""bilan"",""libération"",""transition""}","fr","1"
"3","toutes","rituel","9","indifferent","indifferent","direct_doux","Éteins les écrans 2 minutes : « Je reviens à ma paix intérieure. »","21","1.0","True","{""bilan"",""libération"",""transition""}","fr","1"
"3","toutes","rituel","9","indifferent","indifferent","direct_doux","Visualise une porte qui se ferme doucement : « Je termine avec respect. »","21","1.0","True","{""bilan"",""libération"",""transition""}","fr","1"
"3","toutes","rituel","9","indifferent","indifferent","direct_doux","Avant de parler, expire longuement : « Je choisis des mots justes. »","21","1.0","True","{""bilan"",""libération"",""transition""}","fr","1"
"3","toutes","rituel","9","indifferent","indifferent","direct_doux","Dis : « Je ne décide pas sous émotion; je décide dans la paix. »","21","1.0","True","{""bilan"",""libération"",""transition""}","fr","1"
"3","toutes","rituel","9","indifferent","indifferent","direct_doux","Note 3 choses que tu veux préserver : « Je protège l’essentiel. »","21","1.0","True","{""bilan"",""libération"",""transition""}","fr","1"
"3","toutes","rituel","9","indifferent","indifferent","direct_doux","Une courte bénédiction : « Paix sur moi, paix sur nous. »","21","1.0","True","{""bilan"",""libération"",""transition""}","fr","1"
"3","toutes","couple","9","indifferent","indifferent","direct_doux","Choisis la maturité : conclure proprement vaut mieux que relancer le passé.","21","1.0","True","{""bilan"",""libération"",""transition""}","fr","1"
"3","toutes","couple","9","indifferent","indifferent","direct_doux","Évite le mépris : il détruit plus vite que n’importe quelle dispute.","21","1.0","True","{""bilan"",""libération"",""transition""}","fr","1"
"3","toutes","couple","9","indifferent","indifferent","direct_doux","Pardonner libère; garder des limites protège.","21","1.0","True","{""bilan"",""libération"",""transition""}","fr","1"
"3","toutes","couple","9","indifferent","indifferent","direct_doux","Si une discussion doit se terminer, fais-le avec respect et clarté.","21","1.0","True","{""bilan"",""libération"",""transition""}","fr","1"
"3","toutes","couple","9","indifferent","indifferent","direct_doux","Ne règle pas tout d’un coup : une libération à la fois.","21","1.0","True","{""bilan"",""libération"",""transition""}","fr","1"
"3","toutes","couple","9","indifferent","indifferent","direct_doux","Reste sur un fait et une demande; évite les accusations globales.","21","1.0","True","{""bilan"",""libération"",""transition""}","fr","1"
"3","toutes","couple","9","indifferent","indifferent","direct_doux","Une parole de paix peut rétablir le lien, même si tout n’est pas résolu.","21","1.0","True","{""bilan"",""libération"",""transition""}","fr","1"
"3","toutes","couple","9","indifferent","indifferent","direct_doux","Évite les décisions irréversibles sous émotion : laisse la vague redescendre.","21","1.0","True","{""bilan"",""libération"",""transition""}","fr","1"
"3","toutes","couple","9","indifferent","indifferent","direct_doux","Fais le tri ensemble : ce que vous gardez, ce que vous changez, ce que vous laissez.","21","1.0","True","{""bilan"",""libération"",""transition""}","fr","1"
"3","toutes","couple","9","indifferent","indifferent","direct_doux","Garde l’essentiel : amour, respect, paix — le reste se travaille.","21","1.0","True","{""bilan"",""libération"",""transition""}","fr","1"
"3","toutes","travail","9","indifferent","indifferent","direct_doux","Finalise et clôture : terminer rapporte plus que commencer.","21","1.0","True","{""bilan"",""libération"",""transition""}","fr","1"
"3","toutes","travail","9","indifferent","indifferent","direct_doux","Fais le tri dans tes tâches : supprime ce qui n’est plus utile.","21","1.0","True","{""bilan"",""libération"",""transition""}","fr","1"
"3","toutes","travail","9","indifferent","indifferent","direct_doux","Conclue une discussion professionnelle avec clarté et respect.","21","1.0","True","{""bilan"",""libération"",""transition""}","fr","1"
"3","toutes","travail","9","indifferent","indifferent","direct_doux","Évite de lancer un grand nouveau chantier sans avoir clôturé l’ancien.","21","1.0","True","{""bilan"",""libération"",""transition""}","fr","1"
"3","toutes","travail","9","indifferent","indifferent","direct_doux","Répare une erreur si nécessaire : maturité = crédibilité.","21","1.0","True","{""bilan"",""libération"",""transition""}","fr","1"
"3","toutes","travail","9","indifferent","indifferent","direct_doux","Fais une synthèse : ce que tu gardes, ce que tu changes, ce que tu arrêtes.","21","1.0","True","{""bilan"",""libération"",""transition""}","fr","1"
"3","toutes","travail","9","indifferent","indifferent","direct_doux","Prends du recul : la vision globale aide les bonnes décisions.","21","1.0","True","{""bilan"",""libération"",""transition""}","fr","1"
"3","toutes","travail","9","indifferent","indifferent","direct_doux","Garde ton calme : conclure dans la paix est plus efficace.","21","1.0","True","{""bilan"",""libération"",""transition""}","fr","1"
"3","toutes","travail","9","indifferent","indifferent","direct_doux","Choisis une action de service : aider apporte du retour.","21","1.0","True","{""bilan"",""libération"",""transition""}","fr","1"
"3","toutes","argent","9","indifferent","indifferent","direct_doux","Évite les nouveaux engagements lourds : privilégie la clôture et le tri.","21","1.0","True","{""bilan"",""libération"",""transition""}","fr","1"
"3","toutes","argent","9","indifferent","indifferent","direct_doux","Règle une dette ou une facture : libération mentale.","21","1.0","True","{""bilan"",""libération"",""transition""}","fr","1"
"3","toutes","argent","9","indifferent","indifferent","direct_doux","Fais un bilan : dépenses, fuites, priorités; puis simplifie.","21","1.0","True","{""bilan"",""libération"",""transition""}","fr","1"
"3","toutes","argent","9","indifferent","indifferent","direct_doux","Évite les achats émotionnels : la paix n’est pas à vendre.","21","1.0","True","{""bilan"",""libération"",""transition""}","fr","1"
"3","toutes","argent","9","indifferent","indifferent","direct_doux","Si tu dois donner, fais-le avec cœur et limites claires.","21","1.0","True","{""bilan"",""libération"",""transition""}","fr","1"
"3","toutes","argent","9","indifferent","indifferent","direct_doux","Privilégie la sécurité : la transition demande prudence.","21","1.0","True","{""bilan"",""libération"",""transition""}","fr","1"
"3","toutes","argent","9","indifferent","indifferent","direct_doux","Ne décide pas sous émotion : chiffres d’abord, paix ensuite.","21","1.0","True","{""bilan"",""libération"",""transition""}","fr","1"
"3","toutes","argent","9","indifferent","indifferent","direct_doux","Coupe une dépense inutile : petit tri, grand souffle.","21","1.0","True","{""bilan"",""libération"",""transition""}","fr","1"
"3","toutes","argent","9","indifferent","indifferent","direct_doux","Reporte un investissement risqué : mieux vaut attendre.","21","1.0","True","{""bilan"",""libération"",""transition""}","fr","1"
"3","toutes","sante","9","indifferent","indifferent","direct_doux","Repose-toi : la clôture émotionnelle demande de l’énergie.","21","1.0","True","{""bilan"",""libération"",""transition""}","fr","1"
"3","toutes","sante","9","indifferent","indifferent","direct_doux","Hydrate-toi : le corps aide à laisser partir le stress.","21","1.0","True","{""bilan"",""libération"",""transition""}","fr","1"
"3","toutes","sante","9","indifferent","indifferent","direct_doux","Marche calmement : cela aide à digérer les émotions.","21","1.0","True","{""bilan"",""libération"",""transition""}","fr","1"
"3","toutes","sante","9","indifferent","indifferent","direct_doux","Réduis les écrans : ton sommeil améliore ton humeur.","21","1.0","True","{""bilan"",""libération"",""transition""}","fr","1"
"3","toutes","sante","9","indifferent","indifferent","direct_doux","Respire longuement : la tension baisse rapidement.","21","1.0","True","{""bilan"",""libération"",""transition""}","fr","1"
"3","toutes","sante","9","indifferent","indifferent","direct_doux","Mange léger : l’esprit se clarifie.","21","1.0","True","{""bilan"",""libération"",""transition""}","fr","1"
"3","toutes","sante","9","indifferent","indifferent","direct_doux","Fais une pause réelle : 10 minutes sans bruit.","21","1.0","True","{""bilan"",""libération"",""transition""}","fr","1"
"3","toutes","sante","9","indifferent","indifferent","direct_doux","Évite l’épuisement : une étape à la fois.","21","1.0","True","{""bilan"",""libération"",""transition""}","fr","1"
"3","toutes","sante","9","indifferent","indifferent","direct_doux","Prends soin de toi : tu ne peux pas pardonner si tu es vidé(e).","21","1.0","True","{""bilan"",""libération"",""transition""}","fr","1"
"3","toutes","feu","9","indifferent","indifferent","direct_doux","Décision de couple : orange — favorable aux clôtures et aux pardons, pas aux ruptures à chaud.","21","1.0","True","{""bilan"",""libération"",""transition""}","fr","1"
"3","toutes","feu","9","indifferent","indifferent","direct_doux","Décision de couple : orange — conclure calmement, puis avancer.","21","1.0","True","{""bilan"",""libération"",""transition""}","fr","1"
"3","toutes","feu","9","indifferent","indifferent","direct_doux","Décision de couple : orange — un sujet à la fois; paix d’abord.","21","1.0","True","{""bilan"",""libération"",""transition""}","fr","1"
"3","toutes","feu","9","indifferent","indifferent","direct_doux","Décision de couple : vert — bon moment pour réparer et se libérer ensemble.","21","1.0","True","{""bilan"",""libération"",""transition""}","fr","1"
"3","toutes","feu","9","indifferent","indifferent","direct_doux","Décision de couple : vert — une conclusion respectueuse est soutenue.","21","1.0","True","{""bilan"",""libération"",""transition""}","fr","1"
"3","toutes","feu","9","indifferent","indifferent","direct_doux","Décision de couple : rouge — évite toute décision irréversible sous émotion.","21","1.0","True","{""bilan"",""libération"",""transition""}","fr","1"
"3","toutes","feu","9","indifferent","indifferent","direct_doux","Décision de couple : rouge — bannis le mépris; pause si nécessaire.","21","1.0","True","{""bilan"",""libération"",""transition""}","fr","1"
